name,year,set,card_number,player,sport,parallel,grade,grader,condition,quantity,acquired_price,image_url,notes,scp_id,collx_id,collx_market_value,collx_asking_price
2024 Panini Select - Select Numbers DK Metcalf #24,2024,2024 Panini Select - Select Numbers,24,DK Metcalf,Football,,,,Ungraded,1,,https://storage.googleapis.com/collx-product-images/1076588065616563200-1-ze6G.jpg,,,1076588065616563200,0.99,
2024 Panini Select - Red & Yellow Prizm Shock Patrick Queen #286,2024,2024 Panini Select - Red & Yellow Prizm Shock,286,Patrick Queen,Football,,,,Ungraded,1,,https://storage.googleapis.com/collx-product-images/1076588162848918528-1-bxTs.jpg,,,1076588162848918528,1.00,
2025 Panini Phoenix - Paragon Cam Ward #2,2025,2025 Panini Phoenix - Paragon,2,Cam Ward,Football,,,,Ungraded,1,,https://storage.googleapis.com/collx-product-images/1076588177721920512-1-rhZJ.jpg,,,1076588177721920512,1.76,
2025 Panini Select - Turbocharged Jaxon Smith-Njigba #16,2025,2025 Panini Select - Turbocharged,16,Jaxon Smith-Njigba,Football,,,,Ungraded,1,,https://storage.googleapis.com/collx-product-images/1076588243572493312-1-966W.jpg,,,1076588243572493312,1.19,
2025 Panini Prizm Cam Ward #352 (RC),2025,2025 Panini Prizm,352,Cam Ward,Football,RC,,,Ungraded,1,,https://storage.googleapis.com/collx-product-images/1076578000438894592-1-dGhR.jpg,,,1076578000438894592,1.00,
2024 Panini Select - Silver Prizm Die Cut Joshua Karty #164 (RC),2024,2024 Panini Select - Silver Prizm Die Cut,164,Joshua Karty,Football,RC,,,Ungraded,1,,https://storage.googleapis.com/collx-product-images/1076578096522010624-1-QrDn.jpg,,,1076578096522010624,1.00,
2024 Panini Select Marvin Harrison Jr. #28 (RC),2024,2024 Panini Select,28,Marvin Harrison Jr.,Football,RC,,,Ungraded,1,,https://storage.googleapis.com/collx-product-images/1076578106932273152-1-mkaL.jpg,,,1076578106932273152,1.00,
2024 Panini Select - Select Numbers Bo Nix #6,2024,2024 Panini Select - Select Numbers,6,Bo Nix,Football,,,,Ungraded,1,,https://storage.googleapis.com/collx-product-images/1076578163354050560-1-FIw.jpg,,,1076578163354050560,1.77,
2024 Panini Select - Select Numbers Caleb Williams #19,2024,2024 Panini Select - Select Numbers,19,Caleb Williams,Football,,,,Ungraded,1,,https://storage.googleapis.com/collx-product-images/1076579000293859328-1-Bm4f.jpg,,,1076579000293859328,1.25,
2024 Panini Select DeVonta Smith #51,2024,2024 Panini Select,51,DeVonta Smith,Football,,,,Ungraded,1,,https://storage.googleapis.com/collx-product-images/1076579035643453440-1-5jEi.jpg,,,1076579035643453440,0.99,
2024 Panini Select Joe Montana #70,2024,2024 Panini Select,70,Joe Montana,Football,,,,Ungraded,1,,https://storage.googleapis.com/collx-product-images/1076579058837954560-1-50f0.jpg,,,1076579058837954560,0.99,
2024 Panini Select - Select Certified Rookies Prizm Jayden Daniels #2,2024,2024 Panini Select - Select Certified Rookies Prizm,2,Jayden Daniels,Football,,,,Ungraded,1,,https://storage.googleapis.com/collx-product-images/1076579516377800704-1-Psb4.jpg,,,1076579516377800704,1.79,
2024 Panini Select Braden Fiske #171 (RC),2024,2024 Panini Select,171,Braden Fiske,Football,RC,,,Ungraded,1,,https://storage.googleapis.com/collx-product-images/1076579576859664384-1-R5WO.jpg,,,1076579576859664384,1.45,
2024 Panini Select - Select Certified Rookies Ricky Pearsall #12,2024,2024 Panini Select - Select Certified Rookies,12,Ricky Pearsall,Football,,,,Ungraded,1,,https://storage.googleapis.com/collx-product-images/1076579643683315712-1-PBK.jpg,,,1076579643683315712,1.00,
2024 Panini Select - Select Numbers Dak Prescott #14,2024,2024 Panini Select - Select Numbers,14,Dak Prescott,Football,,,,Ungraded,1,,https://storage.googleapis.com/collx-product-images/1076570401131798528-1-Tehq.jpg,,,1076570401131798528,1.00,
2024 Panini Select - Silver Prizm Die Cut Hunter Henry #160,2024,2024 Panini Select - Silver Prizm Die Cut,160,Hunter Henry,Football,,,,Ungraded,1,,https://storage.googleapis.com/collx-product-images/1076570450247098368-1-tH2m.jpg,,,1076570450247098368,1.20,
2024 Panini Select - Select Future Ricky Pearsall #21,2024,2024 Panini Select - Select Future,21,Ricky Pearsall,Football,,,,Ungraded,1,,https://storage.googleapis.com/collx-product-images/1076570485714132992-1-R1Ki.jpg,,,1076570485714132992,0.99,
2024 Panini Select - Select Future Prizm Anthony Richardson #11,2024,2024 Panini Select - Select Future Prizm,11,Anthony Richardson,Football,,,,Ungraded,1,,https://storage.googleapis.com/collx-product-images/1076570548075044864-1-wDfQ.jpg,,,1076570548075044864,,
2024 Panini Select - Select Certified Rookies Jonathon Brooks #17,2024,2024 Panini Select - Select Certified Rookies,17,Jonathon Brooks,Football,,,,Ungraded,1,,https://storage.googleapis.com/collx-product-images/1076571036602408960-1-8jGi.jpg,,,1076571036602408960,0.99,
2024 Panini Select - Select Numbers Prizm Marvin Harrison Jr. #4,2024,2024 Panini Select - Select Numbers Prizm,4,Marvin Harrison Jr.,Football,,,,Ungraded,1,,https://storage.googleapis.com/collx-product-images/1076571106957664256-1-xUJ3.jpg,,,1076571106957664256,1.79,
2024 Panini Select - Turbocharged Tyreek Hill #5,2024,2024 Panini Select - Turbocharged,5,Tyreek Hill,Football,,,,Ungraded,1,,https://storage.googleapis.com/collx-product-images/1076571131980881920-1-0Z9d.jpg,,,1076571131980881920,1.06,
2024 Panini Select - Red & Yellow Prizm Shock Michael Pittman Jr. #83,2024,2024 Panini Select - Red & Yellow Prizm Shock,83,Michael Pittman Jr.,Football,,,,Ungraded,1,,https://storage.googleapis.com/collx-product-images/1076571174980886528-1-hd6k.jpg,,,1076571174980886528,1.25,
2024 Panini Select - Silver Prizm Die Cut Olumuyiwa Fashanu #66 (RC),2024,2024 Panini Select - Silver Prizm Die Cut,66,Olumuyiwa Fashanu,Football,RC,,,Ungraded,1,,https://storage.googleapis.com/collx-product-images/1076576918635618304-1-XUI3.jpg,,,1076576918635618304,0.99,
2024 Panini Select - Red & Yellow Prizm Shock Carson Steele #142 (RC),2024,2024 Panini Select - Red & Yellow Prizm Shock,142,Carson Steele,Football,RC,,,Ungraded,1,,https://storage.googleapis.com/collx-product-images/1076577019458297856-1-50.jpg,,,1076577019458297856,0.99,
2024 Panini Select - Turbocharged Amon-Ra St. Brown #25,2024,2024 Panini Select - Turbocharged,25,Amon-Ra St. Brown,Football,,,,Ungraded,1,,https://storage.googleapis.com/collx-product-images/1076577082599350272-1-ZbHp.jpg,,,1076577082599350272,1.00,
2024 Panini Select - Select Future Marvin Harrison Jr. #6,2024,2024 Panini Select - Select Future,6,Marvin Harrison Jr.,Football,,,,Ungraded,1,,https://storage.googleapis.com/collx-product-images/1076577127411294208-1-BhgD.jpg,,,1076577127411294208,1.16,
2024 Panini Select - Turbocharged Jayden Daniels #12,2024,2024 Panini Select - Turbocharged,12,Jayden Daniels,Football,,,,Ungraded,1,,https://storage.googleapis.com/collx-product-images/1076563938464309248-1-fyQg.jpg,,,1076563938464309248,0.99,
2024 Panini Select Drake Maye #27 (RC),2024,2024 Panini Select,27,Drake Maye,Football,RC,,,Ungraded,1,,https://storage.googleapis.com/collx-product-images/1076563975894278144-1-kEww.jpg,,,1076563975894278144,1.80,
2024 Panini Select - Red & Yellow Prizm Shock Joe Montana #70,2024,2024 Panini Select - Red & Yellow Prizm Shock,70,Joe Montana,Football,,,,Ungraded,1,,https://storage.googleapis.com/collx-product-images/1076563997234896896-1-GQUk.jpg,,,1076563997234896896,1.29,
2024 Panini Select - Silver Prizm Die Cut Kaiir Elam #8,2024,2024 Panini Select - Silver Prizm Die Cut,8,Kaiir Elam,Football,,,,Ungraded,1,,https://storage.googleapis.com/collx-product-images/1076565117550272512-1-6jzb.jpg,,,1076565117550272512,1.49,
2024 Panini Select - Red & Yellow Prizm Shock Quinyon Mitchell #55 (RC),2024,2024 Panini Select - Red & Yellow Prizm Shock,55,Quinyon Mitchell,Football,RC,,,Ungraded,1,,https://storage.googleapis.com/collx-product-images/1076565269140807680-1-NyN.jpg,,,1076565269140807680,1.15,
2024 Panini Select - Red & Yellow Prizm Shock Marvin Harrison Jr. #115 (RC),2024,2024 Panini Select - Red & Yellow Prizm Shock,115,Marvin Harrison Jr.,Football,RC,,,Ungraded,1,,https://storage.googleapis.com/collx-product-images/1076565809140670464-1-i7xT.jpg,,,1076565809140670464,1.39,
2024 Panini Select - Red & Yellow Prizm Shock Ickey Woods #260,2024,2024 Panini Select - Red & Yellow Prizm Shock,260,Ickey Woods,Football,,,,Ungraded,1,,https://storage.googleapis.com/collx-product-images/1076565854212661248-1-oxCJ.jpg,,,1076565854212661248,1.24,
2024 Panini Select - Select Numbers Jaylen Waddle #21,2024,2024 Panini Select - Select Numbers,21,Jaylen Waddle,Football,,,,Ungraded,1,,https://storage.googleapis.com/collx-product-images/1076565931899559936-1-CgMF.jpg,,,1076565931899559936,0.99,
2024 Panini Select - Turbocharged Rome Odunze #22,2024,2024 Panini Select - Turbocharged,22,Rome Odunze,Football,,,,Ungraded,1,,https://storage.googleapis.com/collx-product-images/1076566607123783680-1-jJNC.jpg,,,1076566607123783680,1.04,
2024 Panini Select - Select Future Prizm Brock Bowers #3,2024,2024 Panini Select - Select Future Prizm,3,Brock Bowers,Football,,,,Ungraded,1,,https://storage.googleapis.com/collx-product-images/1076566639679971328-1-Z41L.jpg,,,1076566639679971328,5.50,
2024 Panini Select - Select Certified Rookies Michael Penix Jr. #9,2024,2024 Panini Select - Select Certified Rookies,9,Michael Penix Jr.,Football,,,,Ungraded,1,,https://storage.googleapis.com/collx-product-images/1076566715303272448-1-TzX0.jpg,,,1076566715303272448,0.99,
2024 Panini Select - Silver Prizm Die Cut Marquise Brown #81,2024,2024 Panini Select - Silver Prizm Die Cut,81,Marquise Brown,Football,,,,Ungraded,1,,https://storage.googleapis.com/collx-product-images/1076567469313302528-1-1qbc.jpg,,,1076567469313302528,0.99,
2024 Panini Select - Silver Prizm Die Cut Josh Allen #122,2024,2024 Panini Select - Silver Prizm Die Cut,122,Josh Allen,Football,,,,Ungraded,1,,https://storage.googleapis.com/collx-product-images/1076567482097541120-1-jxqR.jpg,,,1076567482097541120,1.89,
2024 Panini Select - Red & Yellow Prizm Shock Travis Kelce #97,2024,2024 Panini Select - Red & Yellow Prizm Shock,97,Travis Kelce,Football,,,,Ungraded,1,,https://storage.googleapis.com/collx-product-images/1076567576578433024-1-6Ll.jpg,,,1076567576578433024,1.99,
2024 Panini Select - Red & Yellow Prizm Shock Fred Warner #157,2024,2024 Panini Select - Red & Yellow Prizm Shock,157,Fred Warner,Football,,,,Ungraded,1,,https://storage.googleapis.com/collx-product-images/1076568078829559808-1-k2Xa.jpg,,,1076568078829559808,1.12,
2024 Panini Select - Red & Yellow Prizm Shock Adam Thielen #202,2024,2024 Panini Select - Red & Yellow Prizm Shock,202,Adam Thielen,Football,,,,Ungraded,1,,https://storage.googleapis.com/collx-product-images/1076568174241587200-1-2oIG.jpg,,,1076568174241587200,2.00,
"2025 Panini Select - Multiverse Jerseys Black Prizm Stefon Diggs #MVJ-SDS (MEM, SN1)",2025,2025 Panini Select - Multiverse Jerseys Black Prizm,MVJ-SDS,Stefon Diggs,Football,"MEM, SN1",,,Ungraded,1,,https://storage.googleapis.com/collx-product-images/1076551460854505472-1-uNSW.jpg,,,1076551460854505472,,
2025 Panini Prizm - Black and White Checker Kaden Elliss #11,2025,2025 Panini Prizm - Black and White Checker,11,Kaden Elliss,Football,,,,Ungraded,1,,https://storage.googleapis.com/collx-product-images/1076551506589196288-1-OKCK.jpg,,,1076551506589196288,,
2025 Panini Prizm - Black and White Checker De'Von Achane #150,2025,2025 Panini Prizm - Black and White Checker,150,De'Von Achane,Football,,,,Ungraded,1,,https://storage.googleapis.com/collx-product-images/1076551989437472768-1-AUS.jpg,,,1076551989437472768,,
2025 Panini Prizm - Black and White Checker Warren Moon #52,2025,2025 Panini Prizm - Black and White Checker,52,Warren Moon,Football,,,,Ungraded,1,,https://storage.googleapis.com/collx-product-images/1076552061051019264-1-ScbJ.jpg,,,1076552061051019264,,
2024 Panini Select Caleb Williams #114 (RC),2024,2024 Panini Select,114,Caleb Williams,Football,RC,,,Ungraded,1,,https://storage.googleapis.com/collx-product-images/1076553027720650752-1-dn4s.jpg,,,1076553027720650752,1.75,
2024 Panini Select - Red & Yellow Prizm Shock Montez Sweat #284,2024,2024 Panini Select - Red & Yellow Prizm Shock,284,Montez Sweat,Football,,,,Ungraded,1,,https://storage.googleapis.com/collx-product-images/1076553099241922560-1-gLJ.jpg,,,1076553099241922560,1.05,
2024 Panini Select - Select Numbers Prizm Puka Nacua #2,2024,2024 Panini Select - Select Numbers Prizm,2,Puka Nacua,Football,,,,Ungraded,1,,https://storage.googleapis.com/collx-product-images/1076553321187713024-1-eRFX.jpg,,,1076553321187713024,4.75,
2024 Panini Select - Select Certified Rookies Laiatu Latu #15,2024,2024 Panini Select - Select Certified Rookies,15,Laiatu Latu,Football,,,,Ungraded,1,,https://storage.googleapis.com/collx-product-images/1076553343727902720-1-8FyL.jpg,,,1076553343727902720,0.99,
2024 Panini Select - Select Future Black Prizm C.J. Stroud #9 (SN1),2024,2024 Panini Select - Select Future Black Prizm,9,C.J. Stroud,Football,SN1,,,Ungraded,1,,https://storage.googleapis.com/collx-product-images/1076553944956215296-1-VPV2.jpg,,,1076553944956215296,,
2024 Panini Select - Turbocharged Lamar Jackson #3,2024,2024 Panini Select - Turbocharged,3,Lamar Jackson,Football,,,,Ungraded,1,,https://storage.googleapis.com/collx-product-images/1076554010655793152-1-rVt3.jpg,,,1076554010655793152,1.24,
2024 Panini Select - Red & Yellow Prizm Shock Greg Rousseau #272,2024,2024 Panini Select - Red & Yellow Prizm Shock,272,Greg Rousseau,Football,,,,Ungraded,1,,https://storage.googleapis.com/collx-product-images/1076554552425652224-1-V7eW.jpg,,,1076554552425652224,1.15,
2024 Panini Select - Black & Gold Prizm Shock Isaiah Likely #161,2024,2024 Panini Select - Black & Gold Prizm Shock,161,Isaiah Likely,Football,,,,Ungraded,1,,https://storage.googleapis.com/collx-product-images/1076554576484179968-1-V0GY.jpg,,,1076554576484179968,0.99,
2024 Panini Select - Red & Yellow Prizm Shock Jayden Reed #68,2024,2024 Panini Select - Red & Yellow Prizm Shock,68,Jayden Reed,Football,,,,Ungraded,1,,https://storage.googleapis.com/collx-product-images/1076554599343136768-1-NO1w.jpg,,,1076554599343136768,1.00,
2024 Panini Select - Silver Prizm Die Cut Andy Dalton #106,2024,2024 Panini Select - Silver Prizm Die Cut,106,Andy Dalton,Football,,,,Ungraded,1,,https://storage.googleapis.com/collx-product-images/1076555490968281088-1-Q72.jpg,,,1076555490968281088,1.25,
2024 Panini Select - Select Future Michael Penix Jr. #16,2024,2024 Panini Select - Select Future,16,Michael Penix Jr.,Football,,,,Ungraded,1,,https://storage.googleapis.com/collx-product-images/1076555554981748736-1-T8G.jpg,,,1076555554981748736,0.99,
2024 Panini Select - Turbocharged C.J. Stroud #10,2024,2024 Panini Select - Turbocharged,10,C.J. Stroud,Football,,,,Ungraded,1,,https://storage.googleapis.com/collx-product-images/1076555608408793088-1-CeHM.jpg,,,1076555608408793088,1.15,
2024 Panini Select - Silver Prizm Malik Nabers #29 (RC),2024,2024 Panini Select - Silver Prizm,29,Malik Nabers,Football,RC,,,Ungraded,1,,https://storage.googleapis.com/collx-product-images/1076556157401243648-1-PPh6.jpg,,,1076556157401243648,2.20,
2024 Panini Select - Select Numbers Patrick Mahomes II #9,2024,2024 Panini Select - Select Numbers,9,Patrick Mahomes II,Football,,,,Ungraded,1,,https://storage.googleapis.com/collx-product-images/1076556445700923392-1-CjgG.jpg,,,1076556445700923392,1.25,
2024 Panini Select - Turbocharged Dak Prescott #17,2024,2024 Panini Select - Turbocharged,17,Dak Prescott,Football,,,,Ungraded,1,,https://storage.googleapis.com/collx-product-images/1076558922403880960-1-ypgF.jpg,,,1076558922403880960,0.99,
2024 Panini Select - Select Future Braelon Allen #23,2024,2024 Panini Select - Select Future,23,Braelon Allen,Football,,,,Ungraded,1,,https://storage.googleapis.com/collx-product-images/1076558994705293312-1-blnL.jpg,,,1076558994705293312,1.00,
2024 Panini Select - Select Numbers Prizm Aaron Rodgers #16,2024,2024 Panini Select - Select Numbers Prizm,16,Aaron Rodgers,Football,,,,Ungraded,1,,https://storage.googleapis.com/collx-product-images/1076559017404866560-1-TzBw.jpg,,,1076559017404866560,8.50,
2025 Panini Select - Select Certified Rookies Mykel Williams #7,2025,2025 Panini Select - Select Certified Rookies,7,Mykel Williams,Football,,,,Ungraded,1,,https://storage.googleapis.com/collx-product-images/1076559523581861888-1-DXI.jpg,,,1076559523581861888,1.18,
2024 Panini Select - Red & Yellow Prizm Shock Drake Maye #113 (RC),2024,2024 Panini Select - Red & Yellow Prizm Shock,113,Drake Maye,Football,RC,,,Ungraded,1,,https://storage.googleapis.com/collx-product-images/1076528686001889280-1-aiZi.jpg,,,1076528686001889280,19.25,
2024 Panini Select - Silver Prizm Bo Nix #30 (RC),2024,2024 Panini Select - Silver Prizm,30,Bo Nix,Football,RC,,,Ungraded,1,,https://storage.googleapis.com/collx-product-images/1076537005345153024-1-lHIt.jpg,,,1076537005345153024,5.00,
2024 Panini Select Joe Burrow #39,2024,2024 Panini Select,39,Joe Burrow,Football,,,,Ungraded,1,,https://storage.googleapis.com/collx-product-images/1076537041843986432-1-Iw1w.jpg,,,1076537041843986432,1.32,
2025 Panini Prizm - Fractal Green Ice Brian Thomas Jr. #9,2025,2025 Panini Prizm - Fractal Green Ice,9,Brian Thomas Jr.,Football,,,,Ungraded,1,,https://storage.googleapis.com/collx-product-images/1076537381851045888-1-aNiB.jpg,,,1076537381851045888,1.00,
2025 Panini Prizm - Prizm Break Green Ice Jayden Daniels #2,2025,2025 Panini Prizm - Prizm Break Green Ice,2,Jayden Daniels,Football,,,,Ungraded,1,,https://storage.googleapis.com/collx-product-images/1076537466643095552-1-QSIV.jpg,,,1076537466643095552,2.99,
2025 Panini Prizm - Prizmatic Green Tetairoa McMillan #1,2025,2025 Panini Prizm - Prizmatic Green,1,Tetairoa McMillan,Football,,,,Ungraded,1,,https://storage.googleapis.com/collx-product-images/1076537985293950976-1-ERXV.jpg,,,1076537985293950976,1.99,
2024 Panini Select - Silver Prizm Die Cut Dak Prescott #38,2024,2024 Panini Select - Silver Prizm Die Cut,38,Dak Prescott,Football,,,,Ungraded,1,,https://storage.googleapis.com/collx-product-images/1076538225820508160-1-H4Nx.jpg,,,1076538225820508160,1.75,
2024 Panini Select - Silver Prizm Caleb Williams #25 (RC),2024,2024 Panini Select - Silver Prizm,25,Caleb Williams,Football,RC,,,Ungraded,1,,https://storage.googleapis.com/collx-product-images/1076538389901680640-1-tJ5W.jpg,,,1076538389901680640,10.50,
2024 Panini Select - Red & Yellow Prizm Shock Calvin Hill #215,2024,2024 Panini Select - Red & Yellow Prizm Shock,215,Calvin Hill,Football,,,,Ungraded,1,,https://storage.googleapis.com/collx-product-images/1076538558722416640-1-rUHc.jpg,,,1076538558722416640,1.69,
2024 Panini Select - Red & Yellow Prizm Shock AJ Barner #103 (RC),2024,2024 Panini Select - Red & Yellow Prizm Shock,103,AJ Barner,Football,RC,,,Ungraded,1,,https://storage.googleapis.com/collx-product-images/1076538664838307840-1-tqvo.jpg,,,1076538664838307840,0.99,
2024 Panini Select - Red & Yellow Prizm Shock Braelon Allen #10 (RC),2024,2024 Panini Select - Red & Yellow Prizm Shock,10,Braelon Allen,Football,RC,,,Ungraded,1,,https://storage.googleapis.com/collx-product-images/1076539057022509056-1-r67X.jpg,,,1076539057022509056,1.25,
2024 Panini Select - Tri-Color Prizm A.J. Brown #2 (SN299),2024,2024 Panini Select - Tri-Color Prizm,2,A.J. Brown,Football,SN299,,,Ungraded,1,,https://storage.googleapis.com/collx-product-images/1076539680354803712-1-w1x.jpg,,,1076539680354803712,1.34,
2024 Panini Select - Red & Yellow Prizm Shock Xavier Worthy #32 (RC),2024,2024 Panini Select - Red & Yellow Prizm Shock,32,Xavier Worthy,Football,RC,,,Ungraded,1,,https://storage.googleapis.com/collx-product-images/1076539886915887104-1-MAec.jpg,,,1076539886915887104,0.99,
2024 Panini Select - Red & Yellow Prizm Shock Jayden Daniels #26 (RC),2024,2024 Panini Select - Red & Yellow Prizm Shock,26,Jayden Daniels,Football,RC,,,Ungraded,1,,https://storage.googleapis.com/collx-product-images/1076539916586393600-1-FJtc.jpg,,,1076539916586393600,7.13,
2024 Panini Select - Red & Yellow Prizm Shock Jordan Love #172,2024,2024 Panini Select - Red & Yellow Prizm Shock,172,Jordan Love,Football,,,,Ungraded,1,,https://storage.googleapis.com/collx-product-images/1076540543861334016-1-UiiJ.jpg,,,1076540543861334016,1.99,
2024 Panini Select - Red & Yellow Prizm Shock Brian Urlacher #13,2024,2024 Panini Select - Red & Yellow Prizm Shock,13,Brian Urlacher,Football,,,,Ungraded,1,,https://storage.googleapis.com/collx-product-images/1076541652306829312-1-zDkY.jpg,,,1076541652306829312,1.35,
2024 Panini Select - Red & Yellow Prizm Shock Dak Prescott #38,2024,2024 Panini Select - Red & Yellow Prizm Shock,38,Dak Prescott,Football,,,,Ungraded,1,,https://storage.googleapis.com/collx-product-images/1076543390367686656-1-qdLX.jpg,,,1076543390367686656,1.60,
2024 Panini Select - Red & Yellow Prizm Shock Philip Rivers #187,2024,2024 Panini Select - Red & Yellow Prizm Shock,187,Philip Rivers,Football,,,,Ungraded,1,,https://storage.googleapis.com/collx-product-images/1076543449616424960-1-SuaX.jpg,,,1076543449616424960,1.01,
2024 Panini Select - Red & Yellow Prizm Shock Tyler Nubin #299 (RC),2024,2024 Panini Select - Red & Yellow Prizm Shock,299,Tyler Nubin,Football,RC,,,Ungraded,1,,https://storage.googleapis.com/collx-product-images/1076546445490331648-1-0t8r.jpg,,,1076546445490331648,1.05,
2024 Panini Select - Silver Prizm Die Cut Jordan Love #172,2024,2024 Panini Select - Silver Prizm Die Cut,172,Jordan Love,Football,,,,Ungraded,1,,https://storage.googleapis.com/collx-product-images/1076549428202512384-1-w6wH.jpg,,,1076549428202512384,1.59,
2024 Panini Select Marvin Harrison Jr. #115 (RC),2024,2024 Panini Select,115,Marvin Harrison Jr.,Football,RC,,,Ungraded,1,,https://storage.googleapis.com/collx-product-images/1076549498985586688-1-zlYG.jpg,,,1076549498985586688,1.00,
2024 Panini Select - Turbocharged Prizm Travis Kelce #13,2024,2024 Panini Select - Turbocharged Prizm,13,Travis Kelce,Football,,,,Ungraded,1,,https://storage.googleapis.com/collx-product-images/1076549776396853248-1-U47E.jpg,,,1076549776396853248,8.59,
2024 Panini Select - Select Future Ladd McConkey #19,2024,2024 Panini Select - Select Future,19,Ladd McConkey,Football,,,,Ungraded,1,,https://storage.googleapis.com/collx-product-images/1076549824992059392-1-jcYT.jpg,,,1076549824992059392,1.00,
2024 Panini Select - Select Certified Rookies Blake Corum #25,2024,2024 Panini Select - Select Certified Rookies,25,Blake Corum,Football,,,,Ungraded,1,,https://storage.googleapis.com/collx-product-images/1076550443173748736-1-2TZB.jpg,,,1076550443173748736,0.99,
2024 Panini Select - Select Numbers Brock Bowers #12,2024,2024 Panini Select - Select Numbers,12,Brock Bowers,Football,,,,Ungraded,1,,https://storage.googleapis.com/collx-product-images/1076550490946871296-1-d4oA.jpg,,,1076550490946871296,0.99,
2025 Panini Mosaic - Touchdown Masters Mosaic Jayden Daniels #7,2025,2025 Panini Mosaic - Touchdown Masters Mosaic,7,Jayden Daniels,Football,,,,Ungraded,1,,https://storage.googleapis.com/collx-product-images/1076359684986314752-1-GbX3.jpg,,,1076359684986314752,1.25,
2025 Panini Prizm - Lazer Dillon Gabriel #372,2025,2025 Panini Prizm - Lazer,372,Dillon Gabriel,Football,,,,Ungraded,1,,https://storage.googleapis.com/collx-product-images/1076359731492757504-1-QPTL.jpg,,,1076359731492757504,1.75,
2025 Score Matthew Golden #56 (RC),2025,2025 Score,56,Matthew Golden,Football,RC,,,Ungraded,1,,https://storage.googleapis.com/collx-product-images/1076359777319723008-1-gvAo.jpg,,,1076359777319723008,13.50,
2025 Panini Absolute Jayden Daniels #44,2025,2025 Panini Absolute,44,Jayden Daniels,Football,,,,Ungraded,1,,https://storage.googleapis.com/collx-product-images/1076341347698941952-1-B9W.jpg,,,1076341347698941952,1.00,
2025 Panini Prizm Jayden Daniels #278,2025,2025 Panini Prizm,278,Jayden Daniels,Football,,,,Ungraded,1,,https://storage.googleapis.com/collx-product-images/1076341418691731456-1-cGnV.jpg,,,1076341418691731456,2.50,
2025 Panini Phoenix Jayden Daniels #8,2025,2025 Panini Phoenix,8,Jayden Daniels,Football,,,,Ungraded,1,,https://storage.googleapis.com/collx-product-images/1076344434488582144-1-1VdD.jpg,,,1076344434488582144,1.59,
2025 Panini Rookies & Stars Jayden Daniels #48,2025,2025 Panini Rookies & Stars,48,Jayden Daniels,Football,,,,Ungraded,1,,https://storage.googleapis.com/collx-product-images/1076355514950557696-1-Tr29.jpg,,,1076355514950557696,0.99,
2025 Score - Celebration Jayden Daniels #C-JDA,2025,2025 Score - Celebration,C-JDA,Jayden Daniels,Football,,,,Ungraded,1,,https://storage.googleapis.com/collx-product-images/1076355605522358272-1-Ldfx.jpg,,,1076355605522358272,1.00,
2025 Panini Absolute Jayden Daniels #44,2025,2025 Panini Absolute,44,Jayden Daniels,Football,,,,Ungraded,1,,https://storage.googleapis.com/collx-product-images/1076355633112489984-1-rOdB.jpg,,,1076355633112489984,1.00,
2025 Topps Chrome Brock Bowers #178,2025,2025 Topps Chrome,178,Brock Bowers,Football,,,,Ungraded,1,,https://storage.googleapis.com/collx-product-images/1076339580026298368-1-oS77.jpg,,,1076339580026298368,1.25,
2025 Score - Red Brock Bowers #36,2025,2025 Score - Red,36,Brock Bowers,Football,,,,Ungraded,1,,https://storage.googleapis.com/collx-product-images/1076339593137692672-1-YBPT.jpg,,,1076339593137692672,0.99,
Plaxico Burress,,,,Plaxico Burress,Football,,,,Ungraded,1,,https://storage.googleapis.com/collx-product-images/1076334429538426880-1-ajd4.jpg,,,1076334429538426880,,
2025 Panini Phoenix Plaxico Burress #35,2025,2025 Panini Phoenix,35,Plaxico Burress,Football,,,,Ungraded,1,,https://storage.googleapis.com/collx-product-images/1076334549814288384-1-rRiK.jpg,,,1076334549814288384,1.00,
2025 Panini Prizm Tahj Brooks #335 (RC),2025,2025 Panini Prizm,335,Tahj Brooks,Football,RC,,,Ungraded,1,,https://storage.googleapis.com/collx-product-images/1076334584283078656-1-e1U8.jpg,,,1076334584283078656,1.42,
2025 Panini Prizm Draft Picks Tahj Brooks #134,2025,2025 Panini Prizm Draft Picks,134,Tahj Brooks,Football,,,,Ungraded,1,,https://storage.googleapis.com/collx-product-images/1076334609365016576-1-pU1C.jpg,,,1076334609365016576,1.49,
2025 Panini Select Quinn Ewers #82 (RC),2025,2025 Panini Select,82,Quinn Ewers,Football,RC,,,Ungraded,1,,https://storage.googleapis.com/collx-product-images/1076335584045768704-1-HRpb.jpg,,,1076335584045768704,0.99,
"2025 Score - Stars Quinn Ewers #75 (RC, SN499)",2025,2025 Score - Stars,75,Quinn Ewers,Football,"RC, SN499",,,Ungraded,1,,https://storage.googleapis.com/collx-product-images/1076335606829228032-1-W4z9.jpg,,,1076335606829228032,4.99,
"2025 Score - Stars Quinn Ewers #75 (RC, SN499)",2025,2025 Score - Stars,75,Quinn Ewers,Football,"RC, SN499",,,Ungraded,1,,https://storage.googleapis.com/collx-product-images/1076335632901021696-1-wuH.jpg,,,1076335632901021696,4.99,
2025 Score - League Leaders Brock Bowers #12,2025,2025 Score - League Leaders,12,Brock Bowers,Football,,,,Ungraded,1,,https://storage.googleapis.com/collx-product-images/1076337362850095104-1-ei2p.jpg,,,1076337362850095104,1.25,
2025 Score - Celebration Brock Bowers #C-BBO,2025,2025 Score - Celebration,C-BBO,Brock Bowers,Football,,,,Ungraded,1,,https://storage.googleapis.com/collx-product-images/1076337440738320384-1-Iw2a.jpg,,,1076337440738320384,0.99,
2025 Panini Rookies & Stars Brock Bowers #12,2025,2025 Panini Rookies & Stars,12,Brock Bowers,Football,,,,Ungraded,1,,https://storage.googleapis.com/collx-product-images/1076337494307971072-1-XW2q.jpg,,,1076337494307971072,1.00,
2025 Panini Mosaic - Notoriety Brock Bowers #10,2025,2025 Panini Mosaic - Notoriety,10,Brock Bowers,Football,,,,Ungraded,1,,https://storage.googleapis.com/collx-product-images/1076337869949837312-1-0Wuo.jpg,,,1076337869949837312,0.00,
2025 Panini Absolute Brock Bowers #17,2025,2025 Panini Absolute,17,Brock Bowers,Football,,,,Ungraded,1,,https://storage.googleapis.com/collx-product-images/1076337893639266304-1-mgvl.jpg,,,1076337893639266304,0.33,
2025 Score Brock Bowers #36,2025,2025 Score,36,Brock Bowers,Football,,,,Ungraded,1,,https://storage.googleapis.com/collx-product-images/1076337915172823040-1-JXW.jpg,,,1076337915172823040,0.99,
2025 Score Lamar Jackson #75,2025,2025 Score,75,Lamar Jackson,Football,,,,Ungraded,1,,https://storage.googleapis.com/collx-product-images/1076189864537956352-1-qnA.jpg,,,1076189864537956352,1.50,
2025 Score Lamar Jackson #75,2025,2025 Score,75,Lamar Jackson,Football,,,,Ungraded,1,,https://storage.googleapis.com/collx-product-images/1076189896993480704-1-tRQ.jpg,,,1076189896993480704,1.50,
2025 Panini Rookies & Stars Lamar Jackson #51,2025,2025 Panini Rookies & Stars,51,Lamar Jackson,Football,,,,Ungraded,1,,https://storage.googleapis.com/collx-product-images/1076189939943153664-1-OVLG.jpg,,,1076189939943153664,0.99,
2025 Score - Celebration Lamar Jackson #C-LJA,2025,2025 Score - Celebration,C-LJA,Lamar Jackson,Football,,,,Ungraded,1,,https://storage.googleapis.com/collx-product-images/1076190031790022656-1-iQpj.jpg,,,1076190031790022656,0.99,
2025 Panini Phoenix Lamar Jackson #144,2025,2025 Panini Phoenix,144,Lamar Jackson,Football,,,,Ungraded,1,,https://storage.googleapis.com/collx-product-images/1076190797938368512-1-tM2S.jpg,,,1076190797938368512,0.77,
2025 Panini Prizm Lamar Jackson #78,2025,2025 Panini Prizm,78,Lamar Jackson,Football,,,,Ungraded,1,,https://storage.googleapis.com/collx-product-images/1076190821636186112-1-B5uh.jpg,,,1076190821636186112,1.25,
2025 Panini Prizm Draft Picks Lamar Jackson #177,2025,2025 Panini Prizm Draft Picks,177,Lamar Jackson,Football,,,,Ungraded,1,,https://storage.googleapis.com/collx-product-images/1076190887285432320-1-0Eu0.jpg,,,1076190887285432320,1.08,
2025 Panini Prizm Draft Picks - Prizms Silver Ashton Jeanty #13,2025,2025 Panini Prizm Draft Picks - Prizms Silver,13,Ashton Jeanty,Football,,,,Ungraded,1,,https://storage.googleapis.com/collx-product-images/1076192360081727488-1-bXgw.jpg,,,1076192360081727488,2.00,
2025 Panini Phoenix Ashton Jeanty #158 (RC),2025,2025 Panini Phoenix,158,Ashton Jeanty,Football,RC,,,Ungraded,1,,https://storage.googleapis.com/collx-product-images/1076192798638153728-1-DWdL.jpg,,,1076192798638153728,1.00,
2025 Panini Select - Turbocharged Ashton Jeanty #10,2025,2025 Panini Select - Turbocharged,10,Ashton Jeanty,Football,,,,Ungraded,1,,https://storage.googleapis.com/collx-product-images/1076192863414984704-1-uP8C.jpg,,,1076192863414984704,1.39,
2025 Panini Phoenix - Paragon Ashton Jeanty #10,2025,2025 Panini Phoenix - Paragon,10,Ashton Jeanty,Football,,,,Ungraded,1,,https://storage.googleapis.com/collx-product-images/1076192875729461248-1-kPRd.jpg,,,1076192875729461248,1.25,
2025 Score Quinshon Judkins #38 (RC),2025,2025 Score,38,Quinshon Judkins,Football,RC,,,Ungraded,1,,https://storage.googleapis.com/collx-product-images/1076194040261189632-1-SSP.jpg,,,1076194040261189632,10.00,
2025 Panini Select Quinshon Judkins #55,2025,2025 Panini Select,55,Quinshon Judkins,Football,,,,Ungraded,1,,https://storage.googleapis.com/collx-product-images/1076194140295340032-1-sdPl.jpg,,,1076194140295340032,0.99,
2025 Panini Prizm Draft Picks - Prizms Red Ice Quinshon Judkins #84,2025,2025 Panini Prizm Draft Picks - Prizms Red Ice,84,Quinshon Judkins,Football,,,,Ungraded,1,,https://storage.googleapis.com/collx-product-images/1076194434156666880-1-nhae.jpg,,,1076194434156666880,1.50,
2025 Score - First Ballot Eric Dickerson #4,2025,2025 Score - First Ballot,4,Eric Dickerson,Football,,,,Ungraded,1,,https://storage.googleapis.com/collx-product-images/1076194819369934848-1-XTIk.jpg,,,1076194819369934848,1.25,
2025 Panini Prizm - Lazer Eric Dickerson #83,2025,2025 Panini Prizm - Lazer,83,Eric Dickerson,Football,,,,Ungraded,1,,https://storage.googleapis.com/collx-product-images/1076194926643453952-1-d0dN.jpg,,,1076194926643453952,1.50,
2025 Score - First Ballot Marshall Faulk #5,2025,2025 Score - First Ballot,5,Marshall Faulk,Football,,,,Ungraded,1,,https://storage.googleapis.com/collx-product-images/1076194947312984064-1-XNSb.jpg,,,1076194947312984064,0.99,
2025 Panini Mosaic Marshall Faulk #26,2025,2025 Panini Mosaic,26,Marshall Faulk,Football,,,,Ungraded,1,,https://storage.googleapis.com/collx-product-images/1076196063056568320-1-msW2.jpg,,,1076196063056568320,,
2025 Panini Mosaic Brett Favre #293,2025,2025 Panini Mosaic,293,Brett Favre,Football,,,,Ungraded,1,,https://storage.googleapis.com/collx-product-images/1076196319034941440-1-R6NN.jpg,,,1076196319034941440,1.00,
2025 Score - Cubic Tony Dorsett #202 (SN185),2025,2025 Score - Cubic,202,Tony Dorsett,Football,SN185,,,Ungraded,1,,https://storage.googleapis.com/collx-product-images/1076196339897409536-1-Idlo.jpg,,,1076196339897409536,1.19,
2025 Panini Mosaic Trevor Etienne #340 (RC),2025,2025 Panini Mosaic,340,Trevor Etienne,Football,RC,,,Ungraded,1,,https://storage.googleapis.com/collx-product-images/1076183643386880000-1-CnNL.jpg,,,1076183643386880000,0.25,
2025 Panini Phoenix Trevor Etienne #183 (RC),2025,2025 Panini Phoenix,183,Trevor Etienne,Football,RC,,,Ungraded,1,,https://storage.googleapis.com/collx-product-images/1076183663234326528-1-gw7.jpg,,,1076183663234326528,0.62,
2025 Donruss Optic - Holo Travis Etienne Jr. #106,2025,2025 Donruss Optic - Holo,106,Travis Etienne Jr.,Football,,,,Ungraded,1,,https://storage.googleapis.com/collx-product-images/1076184591668682752-1-XsjA.jpg,,,1076184591668682752,0.59,
2025 Score Trevor Etienne #51 (RC),2025,2025 Score,51,Trevor Etienne,Football,RC,,,Ungraded,1,,https://storage.googleapis.com/collx-product-images/1076184659809345536-1-ZiNB.jpg,,,1076184659809345536,0.99,
2025 Panini Rookies & Stars - Rookie Rush Trevor Etienne #19,2025,2025 Panini Rookies & Stars - Rookie Rush,19,Trevor Etienne,Football,,,,Ungraded,1,,https://storage.googleapis.com/collx-product-images/1076185095329095680-1-jcQ8.jpg,,,1076185095329095680,0.99,
2025 Donruss Optic Trevor Etienne #222 (RC),2025,2025 Donruss Optic,222,Trevor Etienne,Football,RC,,,Ungraded,1,,https://storage.googleapis.com/collx-product-images/1076185631436644352-1-YBnq.jpg,,,1076185631436644352,1.70,
2025 Panini Select Tyler Shough #41 (RC),2025,2025 Panini Select,41,Tyler Shough,Football,RC,,,Ungraded,1,,https://storage.googleapis.com/collx-product-images/1076186185319653376-1-coKp.jpg,,,1076186185319653376,1.00,
2025 Score - Gold Tyler Shough #71 (RC),2025,2025 Score - Gold,71,Tyler Shough,Football,RC,,,Ungraded,1,,https://storage.googleapis.com/collx-product-images/1076186197416026112-1-dHY0.jpg,,,1076186197416026112,4.00,
2025 Panini Rookies & Stars - Rookie Exclusive Tyler Shough #28,2025,2025 Panini Rookies & Stars - Rookie Exclusive,28,Tyler Shough,Football,,,,Ungraded,1,,https://storage.googleapis.com/collx-product-images/1076186554158358528-1-GfUN.jpg,,,1076186554158358528,1.52,
2025 Panini Phoenix - Thunderbirds Tyler Shough #37,2025,2025 Panini Phoenix - Thunderbirds,37,Tyler Shough,Football,,,,Ungraded,1,,https://storage.googleapis.com/collx-product-images/1076186603491762176-1-hPvd.jpg,,,1076186603491762176,1.65,
2025 Panini Prizm - Lazer Kordell Stewart #288,2025,2025 Panini Prizm - Lazer,288,Kordell Stewart,Football,,,,Ungraded,1,,https://storage.googleapis.com/collx-product-images/1076187087875153920-1-1Isc.jpg,,,1076187087875153920,1.00,
2025 Panini Absolute - Blue Justin Jefferson #5,2025,2025 Panini Absolute - Blue,5,Justin Jefferson,Football,,,,Ungraded,1,,https://storage.googleapis.com/collx-product-images/1076187121597358080-1-jnzQ.jpg,,,1076187121597358080,1.00,
2025 Panini Mosaic - Elevate Justin Jefferson #13,2025,2025 Panini Mosaic - Elevate,13,Justin Jefferson,Football,,,,Ungraded,1,,https://storage.googleapis.com/collx-product-images/1076187182246993920-1-el9V.jpg,,,1076187182246993920,0.99,
2025 Panini Mosaic - Touchdown Masters Mosaic Justin Jefferson #4,2025,2025 Panini Mosaic - Touchdown Masters Mosaic,4,Justin Jefferson,Football,,,,Ungraded,1,,https://storage.googleapis.com/collx-product-images/1076187671076347904-1-XTpH.jpg,,,1076187671076347904,1.27,
2025 Panini Phoenix - Contours Justin Jefferson #21,2025,2025 Panini Phoenix - Contours,21,Justin Jefferson,Football,,,,Ungraded,1,,https://storage.googleapis.com/collx-product-images/1076188011603501056-1-Jag0.jpg,,,1076188011603501056,1.99,
2025 Donruss Optic Justin Jefferson #164,2025,2025 Donruss Optic,164,Justin Jefferson,Football,,,,Ungraded,1,,https://storage.googleapis.com/collx-product-images/1076188071330390016-1-5cHM.jpg,,,1076188071330390016,1.00,
2025 Panini Phoenix Justin Jefferson #135,2025,2025 Panini Phoenix,135,Justin Jefferson,Football,,,,Ungraded,1,,https://storage.googleapis.com/collx-product-images/1076188367725076480-1-9AQK.jpg,,,1076188367725076480,1.32,
2025 Panini Prizm Justin Jefferson #81,2025,2025 Panini Prizm,81,Justin Jefferson,Football,,,,Ungraded,1,,https://storage.googleapis.com/collx-product-images/1076188406455279616-1-Jm5.jpg,,,1076188406455279616,1.24,
2025 Panini Select - Turbocharged Justin Jefferson #8,2025,2025 Panini Select - Turbocharged,8,Justin Jefferson,Football,,,,Ungraded,1,,https://storage.googleapis.com/collx-product-images/1076188452374519808-1-XHM2.jpg,,,1076188452374519808,1.00,
2025 Panini Mosaic - Elevate Justin Jefferson #13,2025,2025 Panini Mosaic - Elevate,13,Justin Jefferson,Football,,,,Ungraded,1,,https://storage.googleapis.com/collx-product-images/1076188988263964672-1-8SCN.jpg,,,1076188988263964672,0.99,
2025 Panini Prizm - Emergent Green Ice Tyler Shough #8,2025,2025 Panini Prizm - Emergent Green Ice,8,Tyler Shough,Football,,,,Ungraded,1,,https://storage.googleapis.com/collx-product-images/1075979850342799360-1-qd0O.jpg,,,1075979850342799360,4.99,
2025 Panini Select - Red and Blue Prizm Shock Tyler Shough #41 (RC),2025,2025 Panini Select - Red and Blue Prizm Shock,41,Tyler Shough,Football,RC,,,Ungraded,1,,https://storage.googleapis.com/collx-product-images/1075979905959270400-1-gqNK.jpg,,,1075979905959270400,2.24,
2025 Panini Select - Silver Prizm Malaki Starks #61 (RC),2025,2025 Panini Select - Silver Prizm,61,Malaki Starks,Football,RC,,,Ungraded,1,,https://storage.googleapis.com/collx-product-images/1075979974838130688-1-Te3F.jpg,,,1075979974838130688,1.00,
2025 Panini Prizm Sean Taylor #105,2025,2025 Panini Prizm,105,Sean Taylor,Football,,,,Ungraded,1,,https://storage.googleapis.com/collx-product-images/1075980016923777024-1-rlOx.jpg,,,1075980016923777024,1.09,
2025 Donruss Optic - Stars Jaylen Waddle #160,2025,2025 Donruss Optic - Stars,160,Jaylen Waddle,Football,,,,Ungraded,1,,https://storage.googleapis.com/collx-product-images/1075980057516251136-1-DlZY.jpg,,,1075980057516251136,0.49,
2025 Panini Select - Red and Blue Prizm Shock Cam Ward #26 (RC),2025,2025 Panini Select - Red and Blue Prizm Shock,26,Cam Ward,Football,RC,,,Ungraded,1,,https://storage.googleapis.com/collx-product-images/1075980107453634560-1-zps.jpg,,,1075980107453634560,5.74,
2025 Panini Prizm - Green Ice T.J. Watt #263,2025,2025 Panini Prizm - Green Ice,263,T.J. Watt,Football,,,,Ungraded,1,,https://storage.googleapis.com/collx-product-images/1075980199401166848-1-7h6V.jpg,,,1075980199401166848,2.00,
2025 Donruss Optic - Hidden Potential Ashton Jeanty #5,2025,2025 Donruss Optic - Hidden Potential,5,Ashton Jeanty,Football,,,,Ungraded,1,,https://storage.googleapis.com/collx-product-images/1075974812019005440-1-jNy.jpg,,,1075974812019005440,1.47,
2025 Panini Prizm - Rookie Gear Jaylin Lane #RGR-JLE (MEM),2025,2025 Panini Prizm - Rookie Gear,RGR-JLE,Jaylin Lane,Football,MEM,,,Ungraded,1,,https://storage.googleapis.com/collx-product-images/1075974855153227776-1-gFUh.jpg,,,1075974855153227776,1.25,
2025 Donruss Optic - Holo Isaiah Likely #101,2025,2025 Donruss Optic - Holo,101,Isaiah Likely,Football,,,,Ungraded,1,,https://storage.googleapis.com/collx-product-images/1075974870462437376-1-mCoH.jpg,,,1075974870462437376,,
2025 Panini Prizm Dak Prescott #57,2025,2025 Panini Prizm,57,Dak Prescott,Football,,,,Ungraded,1,,https://storage.googleapis.com/collx-product-images/1075974909050034176-1-uFMf.jpg,,,1075974909050034176,1.59,
2025 Panini Select - Multiverse Jerseys Blue Prizm Jalen Ramsey #MVJ-JRY (MEM),2025,2025 Panini Select - Multiverse Jerseys Blue Prizm,MVJ-JRY,Jalen Ramsey,Football,MEM,,,Ungraded,1,,https://storage.googleapis.com/collx-product-images/1075974937177036800-1-FRsL.jpg,,,1075974937177036800,3.99,
2025 Donruss Optic - 2015 Retro Shedeur Sanders #3,2025,2025 Donruss Optic - 2015 Retro,3,Shedeur Sanders,Football,,,,Ungraded,1,,https://storage.googleapis.com/collx-product-images/1075975011667875840-1-6yw.jpg,,,1075975011667875840,1.00,
2025 Donruss Optic - Stars Jamaal Charles #29,2025,2025 Donruss Optic - Stars,29,Jamaal Charles,Football,,,,Ungraded,1,,https://storage.googleapis.com/collx-product-images/1075973404100204544-1-q3rn.jpg,,,1075973404100204544,1.99,
2025 Donruss Optic - One Hundred J.K. Dobbins #55,2025,2025 Donruss Optic - One Hundred,55,J.K. Dobbins,Football,,,,Ungraded,1,,https://storage.googleapis.com/collx-product-images/1075973429551241216-1-EfJr.jpg,,,1075973429551241216,6.50,
2025 Donruss Optic - Diamond Hands Larry Fitzgerald #10,2025,2025 Donruss Optic - Diamond Hands,10,Larry Fitzgerald,Football,,,,Ungraded,1,,https://storage.googleapis.com/collx-product-images/1075973506541885440-1-f94A.jpg,,,1075973506541885440,1.45,
2014 Bowman - Veterans Black Ryan Mathews #32,2014,2014 Bowman - Veterans Black,32,Ryan Mathews,Football,,,,Ungraded,1,,https://storage.googleapis.com/collx-product-images/1075973527161083904-1-zPgY.jpg,,,1075973527161083904,1.50,
2025 Donruss Optic Matthew Golden #205 (RC),2025,2025 Donruss Optic,205,Matthew Golden,Football,RC,,,Ungraded,1,,https://storage.googleapis.com/collx-product-images/1075973537881724928-1-DrCw.jpg,,,1075973537881724928,1.04,
2025 Panini Prizm Will Howard #367 (RC),2025,2025 Panini Prizm,367,Will Howard,Football,RC,,,Ungraded,1,,https://storage.googleapis.com/collx-product-images/1075973558500923392-1-Q1o.jpg,,,1075973558500923392,2.25,
2025 Panini Prizm Draft Picks Antwane Wells Jr. #94,2025,2025 Panini Prizm Draft Picks,94,Antwane Wells Jr.,Football,,,,Ungraded,1,,https://storage.googleapis.com/collx-product-images/1075934675918724096-1-rh4w.jpg,,,1075934675918724096,1.14,
2025 Panini Mosaic Caleb Williams #22,2025,2025 Panini Mosaic,22,Caleb Williams,Football,,,,Ungraded,1,,https://storage.googleapis.com/collx-product-images/1075934708281973760-1-Wsl.jpg,,,1075934708281973760,1.00,
2025 Panini Absolute - Blue Caleb Williams #60,2025,2025 Panini Absolute - Blue,60,Caleb Williams,Football,,,,Ungraded,1,,https://storage.googleapis.com/collx-product-images/1075934741114985472-1-ln07.jpg,,,1075934741114985472,2.50,
2025 Topps Chrome Garrett Williams #6,2025,2025 Topps Chrome,6,Garrett Williams,Football,,,,Ungraded,1,,https://storage.googleapis.com/collx-product-images/1075934781799734272-1-V7Vc.jpg,,,1075934781799734272,,
2025 Panini Rookies & Stars - Crusade Silver Caleb Williams #5,2025,2025 Panini Rookies & Stars - Crusade Silver,5,Caleb Williams,Football,,,,Ungraded,1,,https://storage.googleapis.com/collx-product-images/1075934849579686912-1-1vOR.jpg,,,1075934849579686912,2.45,
2024 Topps Chrome - Pink Refractor Bryce Young #16,2024,2024 Topps Chrome - Pink Refractor,16,Bryce Young,Football,,,,Ungraded,1,,https://storage.googleapis.com/collx-product-images/1075935611298847744-1-BDSm.jpg,,,1075935611298847744,1.25,
2025 Panini Prizm Grey Zabel #387 (RC),2025,2025 Panini Prizm,387,Grey Zabel,Football,RC,,,Ungraded,1,,https://storage.googleapis.com/collx-product-images/1075935658820312064-1-IPR8.jpg,,,1075935658820312064,1.04,
2025 Panini Phoenix - Lime Green Pyramids Prizm Jim Zorn #139 (SN285),2025,2025 Panini Phoenix - Lime Green Pyramids Prizm,139,Jim Zorn,Football,SN285,,,Ungraded,1,,https://storage.googleapis.com/collx-product-images/1075935726147279872-1-Wwzr.jpg,,,1075935726147279872,2.50,
2025 Bowman University Chrome - Green Mini-Diamond Refractor Reggie Virgil #164 (SN99),2025,2025 Bowman University Chrome - Green Mini-Diamond Refractor,164,Reggie Virgil,Football,SN99,,,Ungraded,1,,https://storage.googleapis.com/collx-product-images/1075931599656786944-1-7Cks.jpg,,,1075931599656786944,3.00,
2024 Panini Select - Green & Yellow Prizm Shock Kenneth Walker III #276,2024,2024 Panini Select - Green & Yellow Prizm Shock,276,Kenneth Walker III,Football,,,,Ungraded,1,,https://storage.googleapis.com/collx-product-images/1075932136552864768-1-5jGd.jpg,,,1075932136552864768,1.75,
2025 Topps Chrome - Refractor Jaylen Waddle #186,2025,2025 Topps Chrome - Refractor,186,Jaylen Waddle,Football,,,,Ungraded,1,,https://storage.googleapis.com/collx-product-images/1075932182061063168-1-uCEA.jpg,,,1075932182061063168,,
2025 Panini Select - Green and Yellow Prizm Shock Cam Ward #26 (RC),2025,2025 Panini Select - Green and Yellow Prizm Shock,26,Cam Ward,Football,RC,,,Ungraded,1,,https://storage.googleapis.com/collx-product-images/1075932204643195904-1-2pWl.jpg,,,1075932204643195904,4.00,
2025 Panini Rookies & Stars - Airborne Silver Cam Ward #29,2025,2025 Panini Rookies & Stars - Airborne Silver,29,Cam Ward,Football,,,,Ungraded,1,,https://storage.googleapis.com/collx-product-images/1075932248725330944-1-kxtK.jpg,,,1075932248725330944,1.50,
2025 Panini Prizm Draft Picks - Prizms Silver Cam Ward #57,2025,2025 Panini Prizm Draft Picks - Prizms Silver,57,Cam Ward,Football,,,,Ungraded,1,,https://storage.googleapis.com/collx-product-images/1075932290450267136-1-erpz.jpg,,,1075932290450267136,2.00,
2025 Donruss Optic - Rookie Recruits Cam Ward #1,2025,2025 Donruss Optic - Rookie Recruits,1,Cam Ward,Football,,,,Ungraded,1,,https://storage.googleapis.com/collx-product-images/1075932358171499520-1-FXr9.jpg,,,1075932358171499520,1.00,
"2025 Topps Chrome - Pink Refractor Cam Ward #314 (RC, SN250)",2025,2025 Topps Chrome - Pink Refractor,314,Cam Ward,Football,"RC, SN250",,,Ungraded,1,,https://storage.googleapis.com/collx-product-images/1075932402027142144-1-UWrq.jpg,,,1075932402027142144,110.00,
2025 Panini Prizm Draft Picks - Prizms Gold Ice Bryce Underwood #28,2025,2025 Panini Prizm Draft Picks - Prizms Gold Ice,28,Bryce Underwood,Football,,,,Ungraded,1,,https://storage.googleapis.com/collx-product-images/1075930069532744704-1-oyLU.jpg,,,1075930069532744704,2.99,
2025 Topps Chrome - Topps Refractor Vita Vea #286,2025,2025 Topps Chrome - Topps Refractor,286,Vita Vea,Football,,,,Ungraded,1,,https://storage.googleapis.com/collx-product-images/1075930392276048896-1-iwkI.jpg,,,1075930392276048896,1.25,
2025 Panini Prizm - Silver Jared Verse #30,2025,2025 Panini Prizm - Silver,30,Jared Verse,Football,,,,Ungraded,1,,https://storage.googleapis.com/collx-product-images/1075930404934458368-1-Gt8l.jpg,,,1075930404934458368,0.99,
2025 Panini Prizm - Silver Jared Verse #30,2025,2025 Panini Prizm - Silver,30,Jared Verse,Football,,,,Ungraded,1,,https://storage.googleapis.com/collx-product-images/1075930442934852608-1-tkJc.jpg,,,1075930442934852608,0.99,
2025 Panini Mosaic - Mosaic Green Bhayshul Tuten #385 (RC),2025,2025 Panini Mosaic - Mosaic Green,385,Bhayshul Tuten,Football,RC,,,Ungraded,1,,https://storage.googleapis.com/collx-product-images/1075929488705526784-1-cWWO.jpg,,,1075929488705526784,0.99,
2025 Panini Phoenix Bhayshul Tuten #197 (RC),2025,2025 Panini Phoenix,197,Bhayshul Tuten,Football,RC,,,Ungraded,1,,https://storage.googleapis.com/collx-product-images/1075929524977867776-1-LJpv.jpg,,,1075929524977867776,1.00,
2025 Panini Prizm Draft Picks Carnell Tate #68,2025,2025 Panini Prizm Draft Picks,68,Carnell Tate,Football,,,,Ungraded,1,,https://storage.googleapis.com/collx-product-images/1075926018564889600-1-NdZN.jpg,,,1075926018564889600,1.27,
2021 Panini Prizm - Orange Ice Jabril Cox #394 (RC),2021,2021 Panini Prizm - Orange Ice,394,Jabril Cox,Football,RC,,,Ungraded,1,,https://storage.googleapis.com/collx-product-images/1075926031818890240-1-H2Pc.jpg,,,1075926031818890240,1.69,
2025 Topps Chrome - Future Stars Brian Thomas Jr. #FS-4,2025,2025 Topps Chrome - Future Stars,FS-4,Brian Thomas Jr.,Football,,,,Ungraded,1,,https://storage.googleapis.com/collx-product-images/1075926124781444096-1-eRUb.jpg,,,1075926124781444096,1.39,
2025 Panini Select - Silver Prizm Brian Thomas Jr. #30,2025,2025 Panini Select - Silver Prizm,30,Brian Thomas Jr.,Football,,,,Ungraded,1,,https://storage.googleapis.com/collx-product-images/1075926164082072576-1-ziq.jpg,,,1075926164082072576,1.00,
"2025 Panini Phoenix - Yellow Pyramids Prizm Dont'e Thornton Jr. #204 (RC, SN185)",2025,2025 Panini Phoenix - Yellow Pyramids Prizm,204,Dont'e Thornton Jr.,Football,"RC, SN185",,,Ungraded,1,,https://storage.googleapis.com/collx-product-images/1075926231006387200-1-JuQT.jpg,,,1075926231006387200,,
2025 Panini Select - Pink Prizm Bhayshul Tuten #329 (SN4),2025,2025 Panini Select - Pink Prizm,329,Bhayshul Tuten,Football,SN4,,,Ungraded,1,,https://storage.googleapis.com/collx-product-images/1075926277286337536-1-VkNd.jpg,,,1075926277286337536,,
2025 Panini Select - Green and Yellow Prizm Shock Bhayshul Tuten #29 (RC),2025,2025 Panini Select - Green and Yellow Prizm Shock,29,Bhayshul Tuten,Football,RC,,,Ungraded,1,,https://storage.googleapis.com/collx-product-images/1075926354184707072-1-3Jaq.jpg,,,1075926354184707072,,
2025 Panini Prizm Draft Picks Bhayshul Tuten #66,2025,2025 Panini Prizm Draft Picks,66,Bhayshul Tuten,Football,,,,Ungraded,1,,https://storage.googleapis.com/collx-product-images/1075926376028642304-1-Cv70.jpg,,,1075926376028642304,0.99,
2025 Donruss - Press Proofs Blue Tyler Shough #304 (RC),2025,2025 Donruss - Press Proofs Blue,304,Tyler Shough,Football,RC,,,Ungraded,1,,https://storage.googleapis.com/collx-product-images/1075922626052430848-1-Mvl4.jpg,,,1075922626052430848,2.49,
2025 Topps Chrome - Prism Refractor Tyler Shough #398 (RC),2025,2025 Topps Chrome - Prism Refractor,398,Tyler Shough,Football,RC,,,Ungraded,1,,https://storage.googleapis.com/collx-product-images/1075922717135936512-1-PWNu.jpg,,,1075922717135936512,,
2025 Topps Chrome - All Chrome Team Amon-Ra St. Brown #ACT-7,2025,2025 Topps Chrome - All Chrome Team,ACT-7,Amon-Ra St. Brown,Football,,,,Ungraded,1,,https://storage.googleapis.com/collx-product-images/1075922787877067776-1-X5bI.jpg,,,1075922787877067776,1.03,
2025 Panini Select - Pink Prizm Amon-Ra St. Brown #170 (SN8),2025,2025 Panini Select - Pink Prizm,170,Amon-Ra St. Brown,Football,SN8,,,Ungraded,1,,https://storage.googleapis.com/collx-product-images/1075922800401259520-1-R4RP.jpg,,,1075922800401259520,,
2025 Topps Chrome Amon-Ra St. Brown #98,2025,2025 Topps Chrome,98,Amon-Ra St. Brown,Football,,,,Ungraded,1,,https://storage.googleapis.com/collx-product-images/1075922849189403648-1-vzpr.jpg,,,1075922849189403648,1.50,
2025 Panini Prizm - Lazer Patrick Surtain II #97,2025,2025 Panini Prizm - Lazer,97,Patrick Surtain II,Football,,,,Ungraded,1,,https://storage.googleapis.com/collx-product-images/1075922910384299008-1-sLFI.jpg,,,1075922910384299008,1.99,
2025 Score - Dots Blue Patrick Surtain II #110 (SN399),2025,2025 Score - Dots Blue,110,Patrick Surtain II,Football,SN399,,,Ungraded,1,,https://storage.googleapis.com/collx-product-images/1075924108806003712-1-1Bq0.jpg,,,1075924108806003712,4.00,
2025 Topps Chrome - Pink Refractor T'Vondre Sweat #292 (SN250),2025,2025 Topps Chrome - Pink Refractor,292,T'Vondre Sweat,Football,SN250,,,Ungraded,1,,https://storage.googleapis.com/collx-product-images/1075924188590054400-1-b06C.jpg,,,1075924188590054400,1.00,
2025 Panini Phoenix - Contours Tyler Shough #23,2025,2025 Panini Phoenix - Contours,23,Tyler Shough,Football,,,,Ungraded,1,,https://storage.googleapis.com/collx-product-images/1075921101263543296-1-yLa.jpg,,,1075921101263543296,2.08,
2025 Panini Phoenix - Contours Tyler Shough #23,2025,2025 Panini Phoenix - Contours,23,Tyler Shough,Football,,,,Ungraded,1,,https://storage.googleapis.com/collx-product-images/1075921163230190592-1-n5zM.jpg,,,1075921163230190592,2.08,
2025 Panini Phoenix - Thunderbirds Tyler Shough #37,2025,2025 Panini Phoenix - Thunderbirds,37,Tyler Shough,Football,,,,Ungraded,1,,https://storage.googleapis.com/collx-product-images/1075921225607879680-1-tqqs.jpg,,,1075921225607879680,1.65,
2025 Panini Select - Select Future Tyler Shough #17,2025,2025 Panini Select - Select Future,17,Tyler Shough,Football,,,,Ungraded,1,,https://storage.googleapis.com/collx-product-images/1075921283581549568-1-QaS.jpg,,,1075921283581549568,1.00,
2025 Topps Chrome - Topps Refractor Penei Sewell #99,2025,2025 Topps Chrome - Topps Refractor,99,Penei Sewell,Football,,,,Ungraded,1,,https://storage.googleapis.com/collx-product-images/1075920306535209984-1-0XRh.jpg,,,1075920306535209984,1.25,
2025 Topps Chrome Tyler Shough #398 (RC),2025,2025 Topps Chrome,398,Tyler Shough,Football,RC,,,Ungraded,1,,https://storage.googleapis.com/collx-product-images/1075920372931042304-1-TiOf.jpg,,,1075920372931042304,9.00,
2025 Score - Green Shedeur Sanders #15 (RC),2025,2025 Score - Green,15,Shedeur Sanders,Football,RC,,,Ungraded,1,,https://storage.googleapis.com/collx-product-images/1075919123523378176-1-K34B.jpg,,,1075919123523378176,2.00,
2025 Donruss Optic - Hidden Potential Shedeur Sanders #20,2025,2025 Donruss Optic - Hidden Potential,20,Shedeur Sanders,Football,,,,Ungraded,1,,https://storage.googleapis.com/collx-product-images/1075919184315620352-1-UJLA.jpg,,,1075919184315620352,1.00,
2025 Panini Prizm Draft Picks - Prizms Silver Shedeur Sanders #19,2025,2025 Panini Prizm Draft Picks - Prizms Silver,19,Shedeur Sanders,Football,,,,Ungraded,1,,https://storage.googleapis.com/collx-product-images/1075919214900485120-1-qZK.jpg,,,1075919214900485120,2.25,
2025 Panini Prizm Draft Picks Julian Sayin #161,2025,2025 Panini Prizm Draft Picks,161,Julian Sayin,Football,,,,Ungraded,1,,https://storage.googleapis.com/collx-product-images/1075919233699355648-1-efEF.jpg,,,1075919233699355648,1.44,
2025 Panini Prizm Black - Prizms Purple Ice Barry Sanders #55 (SN149),2025,2025 Panini Prizm Black - Prizms Purple Ice,55,Barry Sanders,Football,SN149,,,Ungraded,1,,https://storage.googleapis.com/collx-product-images/1075917349861268480-1-jM9S.jpg,,,1075917349861268480,5.00,
2025 Panini Select Shedeur Sanders #54 (RC),2025,2025 Panini Select,54,Shedeur Sanders,Football,RC,,,Ungraded,1,,https://storage.googleapis.com/collx-product-images/1075917418169703424-1-bmRM.jpg,,,1075917418169703424,1.50,
2025 Panini Rookies & Stars - Stellar Rookies Silver Shedeur Sanders #1,2025,2025 Panini Rookies & Stars - Stellar Rookies Silver,1,Shedeur Sanders,Football,,,,Ungraded,1,,https://storage.googleapis.com/collx-product-images/1075917477795929088-1-9tGD.jpg,,,1075917477795929088,1.75,
2025 Panini Mosaic Shedeur Sanders #290 (RC),2025,2025 Panini Mosaic,290,Shedeur Sanders,Football,RC,,,Ungraded,1,,https://storage.googleapis.com/collx-product-images/1075917517817977856-1-15p.jpg,,,1075917517817977856,1.00,
2025 Panini Phoenix Shedeur Sanders #154 (RC),2025,2025 Panini Phoenix,154,Shedeur Sanders,Football,RC,,,Ungraded,1,,https://storage.googleapis.com/collx-product-images/1075917592401091584-1-HBd3.jpg,,,1075917592401091584,2.25,
2025 Panini Prizm Dylan Sampson #365 (RC),2025,2025 Panini Prizm,365,Dylan Sampson,Football,RC,,,Ungraded,1,,https://storage.googleapis.com/collx-product-images/1075917660139101184-1-7lLY.jpg,,,1075917660139101184,1.95,
2025 Topps Chrome - Pink Refractor Micah Parsons #77 (SN250),2025,2025 Topps Chrome - Pink Refractor,77,Micah Parsons,Football,SN250,,,Ungraded,1,,https://storage.googleapis.com/collx-product-images/1075889138645408768-1-P9nS.jpg,,,1075889138645408768,12.50,
2025 Panini Prizm Draft Picks - New Recruits Red Ice James Pearce Jr. #20,2025,2025 Panini Prizm Draft Picks - New Recruits Red Ice,20,James Pearce Jr.,Football,,,,Ungraded,1,,https://storage.googleapis.com/collx-product-images/1075890276920794112-1-4Sv8.jpg,,,1075890276920794112,0.50,
2025 Topps Chrome - Pink Refractor Jackson Powers-Johnson #177 (SN250),2025,2025 Topps Chrome - Pink Refractor,177,Jackson Powers-Johnson,Football,SN250,,,Ungraded,1,,https://storage.googleapis.com/collx-product-images/1075890341185920000-1-0eeZ.jpg,,,1075890341185920000,0.99,
2024 Donruss Optic - Rookie Recruits Michael Penix Jr. #10,2024,2024 Donruss Optic - Rookie Recruits,10,Michael Penix Jr.,Football,,,,Ungraded,1,,https://storage.googleapis.com/collx-product-images/1075890920503188480-1-6WgX.jpg,,,1075890920503188480,1.20,
2025 Topps Chrome - Pink Refractor Jaelan Phillips #192 (SN250),2025,2025 Topps Chrome - Pink Refractor,192,Jaelan Phillips,Football,SN250,,,Ungraded,1,,https://storage.googleapis.com/collx-product-images/1075890979416382464-1-giJ.jpg,,,1075890979416382464,2.25,
2025 Panini Prizm Draft Picks - Instant Impact Dylan Raiola #II-DRA,2025,2025 Panini Prizm Draft Picks - Instant Impact,II-DRA,Dylan Raiola,Football,,,,Ungraded,1,,https://storage.googleapis.com/collx-product-images/1075891621438495744-1-stV0.jpg,,,1075891621438495744,1.25,
2025 Panini Select - Purple Prizm Shock Tate Ratledge #270 (SN699),2025,2025 Panini Select - Purple Prizm Shock,270,Tate Ratledge,Football,SN699,,,Ungraded,1,,https://storage.googleapis.com/collx-product-images/1075891717588720640-1-AQTQ.jpg,,,1075891717588720640,1.25,
2025 Topps Chrome - Pink Refractor Aaron Rodgers #255 (SN250),2025,2025 Topps Chrome - Pink Refractor,255,Aaron Rodgers,Football,SN250,,,Ungraded,1,,https://storage.googleapis.com/collx-product-images/1075891782734650368-1-GmY3.jpg,,,1075891782734650368,15.00,
2025 Panini Prizm Draft Picks - Prizms Red Ice Keelon Russell #150,2025,2025 Panini Prizm Draft Picks - Prizms Red Ice,150,Keelon Russell,Football,,,,Ungraded,1,,https://storage.googleapis.com/collx-product-images/1075891807304883200-1-LUrd.jpg,,,1075891807304883200,2.00,
2025 Panini Phoenix Micah Parsons #84,2025,2025 Panini Phoenix,84,Micah Parsons,Football,,,,Ungraded,1,,https://storage.googleapis.com/collx-product-images/1075887504594902016-1-Z0xK.jpg,,,1075887504594902016,1.39,
2025 Panini Select - Select Numbers Micah Parsons #5,2025,2025 Panini Select - Select Numbers,5,Micah Parsons,Football,,,,Ungraded,1,,https://storage.googleapis.com/collx-product-images/1075887609796434944-1-3RoN.jpg,,,1075887609796434944,1.49,
2025 Panini Prizm Draft Picks Chris Paul Jr. #2,2025,2025 Panini Prizm Draft Picks,2,Chris Paul Jr.,Football,,,,Ungraded,1,,https://storage.googleapis.com/collx-product-images/1075888487370660864-1-c4bk.jpg,,,1075888487370660864,0.99,
"2025 Panini Phoenix - Red Prizm Devin Neal #207 (RC, SN99)",2025,2025 Panini Phoenix - Red Prizm,207,Devin Neal,Football,"RC, SN99",,,Ungraded,1,,https://storage.googleapis.com/collx-product-images/1075884249471065088-1-84Ul.jpg,,,1075884249471065088,3.00,
2025 Panini Phoenix Bo Nix #83,2025,2025 Panini Phoenix,83,Bo Nix,Football,,,,Ungraded,1,,https://storage.googleapis.com/collx-product-images/1075884298074659840-1-JTiu.jpg,,,1075884298074659840,1.69,
2025 Panini Prizm - White Disco Bo Nix #142,2025,2025 Panini Prizm - White Disco,142,Bo Nix,Football,,,,Ungraded,1,,https://storage.googleapis.com/collx-product-images/1075884396313648128-1-Q7r0.jpg,,,1075884396313648128,5.00,
2025 Topps Chrome Walter Nolen #365 (RC),2025,2025 Topps Chrome,365,Walter Nolen,Football,RC,,,Ungraded,1,,https://storage.googleapis.com/collx-product-images/1075884439548533760-1-AYt.jpg,,,1075884439548533760,1.50,
2025 Topps Chrome Rome Odunze #49,2025,2025 Topps Chrome,49,Rome Odunze,Football,,,,Ungraded,1,,https://storage.googleapis.com/collx-product-images/1075885982280653824-1-8YdM.jpg,,,1075885982280653824,4.50,
2025 Panini Select - Green and Yellow Prizm Shock Terrell Owens #300,2025,2025 Panini Select - Green and Yellow Prizm Shock,300,Terrell Owens,Football,,,,Ungraded,1,,https://storage.googleapis.com/collx-product-images/1075886035187604480-1-JcRm.jpg,,,1075886035187604480,,
2009 Playoff Prestige Louis Murphy #169 (RC),2009,2009 Playoff Prestige,169,Louis Murphy,Football,RC,,,Ungraded,1,,https://storage.googleapis.com/collx-product-images/1075640351180004352-1-WBOK.jpg,,,1075640351180004352,1.59,
"2025 Panini Select - Multiverse Jerseys Prizm Jakobi Meyers #MVJ-JAM (MEM, SN149)",2025,2025 Panini Select - Multiverse Jerseys Prizm,MVJ-JAM,Jakobi Meyers,Football,"MEM, SN149",,,Ungraded,1,,https://storage.googleapis.com/collx-product-images/1075640442976541696-1-W1XW.jpg,,,1075640442976541696,2.00,
2025 Panini Prizm Draft Picks Tetairoa McMillan #8,2025,2025 Panini Prizm Draft Picks,8,Tetairoa McMillan,Football,,,,Ungraded,1,,https://storage.googleapis.com/collx-product-images/1075626081184717824-1-PNg9.jpg,,,1075626081184717824,1.20,
2025 Panini Prizm Draft Picks Tetairoa McMillan #8,2025,2025 Panini Prizm Draft Picks,8,Tetairoa McMillan,Football,,,,Ungraded,1,,https://storage.googleapis.com/collx-product-images/1075626092240903168-1-xIkH.jpg,,,1075626092240903168,1.20,
2025 Score Tetairoa McMillan #17 (RC),2025,2025 Score,17,Tetairoa McMillan,Football,RC,,,Ungraded,1,,https://storage.googleapis.com/collx-product-images/1075626245265890304-1-dDWL.jpg,,,1075626245265890304,1.25,
"2025 Panini Phoenix - Pyramids Prizm Tetairoa McMillan #155 (RC, SN85)",2025,2025 Panini Phoenix - Pyramids Prizm,155,Tetairoa McMillan,Football,"RC, SN85",,,Ungraded,1,,https://storage.googleapis.com/collx-product-images/1075626359904607232-1-btox.jpg,,,1075626359904607232,10.00,
2025 Panini Prizm - Silver Tetairoa McMillan #401,2025,2025 Panini Prizm - Silver,401,Tetairoa McMillan,Football,,,,Ungraded,1,,https://storage.googleapis.com/collx-product-images/1075630440886901760-1-sra3.jpg,,,1075630440886901760,9.99,
2025 Panini Rookies & Stars Tetairoa McMillan #183 (RC),2025,2025 Panini Rookies & Stars,183,Tetairoa McMillan,Football,RC,,,Ungraded,1,,https://storage.googleapis.com/collx-product-images/1075630589004553216-1-4fU7.jpg,,,1075630589004553216,1.49,
"2025 Panini Select - Pink Prizm Tetairoa McMillan #144 (RC, SN8)",2025,2025 Panini Select - Pink Prizm,144,Tetairoa McMillan,Football,"RC, SN8",,,Ungraded,1,,https://storage.googleapis.com/collx-product-images/1075631154388343808-1-7KIy.jpg,,,1075631154388343808,1.79,
2025 Topps Chrome Tetairoa McMillan #326 (RC),2025,2025 Topps Chrome,326,Tetairoa McMillan,Football,RC,,,Ungraded,1,,https://storage.googleapis.com/collx-product-images/1075634403942145024-1-vZ3P.jpg,,,1075634403942145024,5.81,
2025 Panini Prizm Draft Picks Tetairoa McMillan #8,2025,2025 Panini Prizm Draft Picks,8,Tetairoa McMillan,Football,,,,Ungraded,1,,https://storage.googleapis.com/collx-product-images/1075634542412897280-1-mgdx.jpg,,,1075634542412897280,1.20,
2025 Panini Prizm Draft Picks - New Recruits Gold Ice Tetairoa McMillan #11,2025,2025 Panini Prizm Draft Picks - New Recruits Gold Ice,11,Tetairoa McMillan,Football,,,,Ungraded,1,,https://storage.googleapis.com/collx-product-images/1075634712617753600-1-qRrl.jpg,,,1075634712617753600,2.00,
2025 Panini Prizm - Silver Willis McGahee #45,2025,2025 Panini Prizm - Silver,45,Willis McGahee,Football,,,,Ungraded,1,,https://storage.googleapis.com/collx-product-images/1075634733060791296-1-GghD.jpg,,,1075634733060791296,0.99,
2025 Donruss Optic - My House Ice DK Metcalf #8 (SN55),2025,2025 Donruss Optic - My House Ice,8,DK Metcalf,Football,SN55,,,Ungraded,1,,https://storage.googleapis.com/collx-product-images/1075635178713979904-1-p3mQ.jpg,,,1075635178713979904,31.50,
2025 Topps Chrome DK Metcalf #254,2025,2025 Topps Chrome,254,DK Metcalf,Football,,,,Ungraded,1,,https://storage.googleapis.com/collx-product-images/1075635264730766336-1-rBWY.jpg,,,1075635264730766336,1.25,
2025 Panini Select Kyle Monangai #274,2025,2025 Panini Select,274,Kyle Monangai,Football,,,,Ungraded,1,,https://storage.googleapis.com/collx-product-images/1075635287136738304-1-OXyp.jpg,,,1075635287136738304,1.73,
2025 Panini Phoenix - Light Blue Pyramids Prizm David Montgomery #108 (SN385),2025,2025 Panini Phoenix - Light Blue Pyramids Prizm,108,David Montgomery,Football,SN385,,,Ungraded,1,,https://storage.googleapis.com/collx-product-images/1075636336719371264-1-Ahn3.jpg,,,1075636336719371264,2.49,
2025 Panini Select - Blue and Orange Prizm Shock David Montgomery #269 (SN35),2025,2025 Panini Select - Blue and Orange Prizm Shock,269,David Montgomery,Football,SN35,,,Ungraded,1,,https://storage.googleapis.com/collx-product-images/1075636434547317760-1-SW4.jpg,,,1075636434547317760,,
2025 Panini Authentically Mahomes Icon Collection - Mahomes Magic Patrick Mahomes II #MM-1,2025,2025 Panini Authentically Mahomes Icon Collection - Mahomes Magic,MM-1,Patrick Mahomes II,Football,,,,Ungraded,1,,https://storage.googleapis.com/collx-product-images/1075607147576368128-1-9bbo.jpg,,,1075607147576368128,5.50,
2025 Panini Prizm Draft Picks - Prizms Silver Andrew Marsh #157,2025,2025 Panini Prizm Draft Picks - Prizms Silver,157,Andrew Marsh,Football,,,,Ungraded,1,,https://storage.googleapis.com/collx-product-images/1075607682954107904-1-dc0r.jpg,,,1075607682954107904,1.80,
2025 Panini Prizm - Prizm Break Drake Maye #6,2025,2025 Panini Prizm - Prizm Break,6,Drake Maye,Football,,,,Ungraded,1,,https://storage.googleapis.com/collx-product-images/1075607741649198080-1-lCRi.jpg,,,1075607741649198080,1.50,
2025 Panini Absolute - Retail Drake Maye #79,2025,2025 Panini Absolute - Retail,79,Drake Maye,Football,,,,Ungraded,1,,https://storage.googleapis.com/collx-product-images/1075608509391379456-1-qwfz.jpg,,,1075608509391379456,1.00,
2025 Panini Phoenix Drake Maye #111,2025,2025 Panini Phoenix,111,Drake Maye,Football,,,,Ungraded,1,,https://storage.googleapis.com/collx-product-images/1075608656024247296-1-YpHA.jpg,,,1075608656024247296,2.00,
2025 Panini Prizm - Fractal Silver Drake Maye #7,2025,2025 Panini Prizm - Fractal Silver,7,Drake Maye,Football,,,,Ungraded,1,,https://storage.googleapis.com/collx-product-images/1075608929484479488-1-nzIh.jpg,,,1075608929484479488,3.00,
2025 Score - Celebration Drake Maye #C-DMA,2025,2025 Score - Celebration,C-DMA,Drake Maye,Football,,,,Ungraded,1,,https://storage.googleapis.com/collx-product-images/1075609800800803840-1-HaXR.jpg,,,1075609800800803840,1.00,
2025 Score - Throwbacks Drake Maye #3,2025,2025 Score - Throwbacks,3,Drake Maye,Football,,,,Ungraded,1,,https://storage.googleapis.com/collx-product-images/1075610444550970368-1-SZCK.jpg,,,1075610444550970368,0.99,
2025 Panini Rookies & Stars Drake Maye #32,2025,2025 Panini Rookies & Stars,32,Drake Maye,Football,,,,Ungraded,1,,https://storage.googleapis.com/collx-product-images/1075610698381859840-1-ZdSd.jpg,,,1075610698381859840,1.79,
1996 Collector's Edge Rookie Rage - Pink Tony Delk #10,1996,1996 Collector's Edge Rookie Rage - Pink,10,Tony Delk,Basketball,,,,Ungraded,1,,https://storage.googleapis.com/collx-product-images/1075611034119117824-1-uIhy.jpg,,,1075611034119117824,1.70,
2024 Panini Phoenix Drake Maye #179 (RC),2024,2024 Panini Phoenix,179,Drake Maye,Football,RC,,,Ungraded,1,,https://storage.googleapis.com/collx-product-images/1075611181859281920-1-PrJW.jpg,,,1075611181859281920,2.50,
2025 Topps Update - 1990 Topps Baseball 35th Anniversary Marcelo Mayer #U90-9,2025,2025 Topps Update - 1990 Topps Baseball 35th Anniversary,U90-9,Marcelo Mayer,Baseball,,,,Ungraded,1,,https://storage.googleapis.com/collx-product-images/1075612093608696832-1-sqXi.jpg,,,1075612093608696832,1.21,
2025 Topps Chrome - 1975 Topps Baker Mayfield #1975-31,2025,2025 Topps Chrome - 1975 Topps,1975-31,Baker Mayfield,Football,,,,Ungraded,1,,https://storage.googleapis.com/collx-product-images/1075612233287408640-1-xHb.jpg,,,1075612233287408640,1.49,
2025 Panini Prizm Draft Picks Baker Mayfield #187,2025,2025 Panini Prizm Draft Picks,187,Baker Mayfield,Football,,,,Ungraded,1,,https://storage.googleapis.com/collx-product-images/1075614553995811840-1-73a8.jpg,,,1075614553995811840,0.99,
2025 Panini Phoenix - Pyramids Prizm Christian McCaffrey #34 (SN85),2025,2025 Panini Phoenix - Pyramids Prizm,34,Christian McCaffrey,Football,SN85,,,Ungraded,1,,https://storage.googleapis.com/collx-product-images/1075617215466249216-1-Uh9R.jpg,,,1075617215466249216,,
2025 Score - Stars of the NFL Jerseys Christian McCaffrey #SNJ-CMY (MEM),2025,2025 Score - Stars of the NFL Jerseys,SNJ-CMY,Christian McCaffrey,Football,MEM,,,Ungraded,1,,https://storage.googleapis.com/collx-product-images/1075617258256538624-1-cR7I.jpg,,,1075617258256538624,3.59,
Ladd McConkey,,,,Ladd McConkey,Football,,,,Ungraded,1,,https://storage.googleapis.com/collx-product-images/1075618224934558720-1-OjAF.jpg,,,1075618224934558720,,
Kyle McCord,,,,Kyle McCord,Football,,,,Ungraded,1,,https://storage.googleapis.com/collx-product-images/1075618300658523136-1-Umsk.jpg,,,1075618300658523136,,
2025 Panini Authentically Mahomes Icon Collection - Icon Highlights Patrick Mahomes II #IC-21,2025,2025 Panini Authentically Mahomes Icon Collection - Icon Highlights,IC-21,Patrick Mahomes II,Football,,,,Ungraded,1,,https://storage.googleapis.com/collx-product-images/1075544364591684608-1-ysCc.jpg,,,1075544364591684608,1.62,
2025 Panini Authentically Mahomes Icon Collection Patrick Mahomes II #22,2025,2025 Panini Authentically Mahomes Icon Collection,22,Patrick Mahomes II,Football,,,,Ungraded,1,,https://storage.googleapis.com/collx-product-images/1075544379934448640-1-LPF1.jpg,,,1075544379934448640,,
2025 Panini Prizm Draft Picks - Prizms Red Ice Dan Marino #192,2025,2025 Panini Prizm Draft Picks - Prizms Red Ice,192,Dan Marino,Football,,,,Ungraded,1,,https://storage.googleapis.com/collx-product-images/1075545206505937920-1-dgAe.jpg,,,1075545206505937920,2.39,
2000-01 Upper Deck Victory Eric Weinrich #120,2000,2000-01 Upper Deck Victory,120,Eric Weinrich,Hockey,,,,Ungraded,1,,https://storage.googleapis.com/collx-product-images/1075545225908788224-1-LlzG.jpg,,,1075545225908788224,0.10,
2025 Panini Prizm - Red White and Blue Woody Marks #395,2025,2025 Panini Prizm - Red White and Blue,395,Woody Marks,Football,,,,Ungraded,1,,https://storage.googleapis.com/collx-product-images/1075545264538328064-1-GiRu.jpg,,,1075545264538328064,,
2025 Panini Prizm - Choice Blue Yellow and Green Khalil Mack #161,2025,2025 Panini Prizm - Choice Blue Yellow and Green,161,Khalil Mack,Football,,,,Ungraded,1,,https://storage.googleapis.com/collx-product-images/1075521093561142272-1-FYcv.jpg,,,1075521093561142272,,
2025 Panini Prizm - Silver Phil Mafah #378,2025,2025 Panini Prizm - Silver,378,Phil Mafah,Football,,,,Ungraded,1,,https://storage.googleapis.com/collx-product-images/1075521142525447168-1-uN24.jpg,,,1075521142525447168,1.95,
2025 Panini Authentically Mahomes Icon Collection - Icon Highlights Patrick Mahomes II #IC-12,2025,2025 Panini Authentically Mahomes Icon Collection - Icon Highlights,IC-12,Patrick Mahomes II,Football,,,,Ungraded,1,,https://storage.googleapis.com/collx-product-images/1075521286281022464-1-DumT.jpg,,,1075521286281022464,0.75,
2025 Panini Authentically Mahomes Icon Collection - Icon Highlights Patrick Mahomes II #IC-22,2025,2025 Panini Authentically Mahomes Icon Collection - Icon Highlights,IC-22,Patrick Mahomes II,Football,,,,Ungraded,1,,https://storage.googleapis.com/collx-product-images/1075521328895151104-1-bq4.jpg,,,1075521328895151104,,
2025 Panini Authentically Mahomes Icon Collection - Icon Highlights Patrick Mahomes II #IC-21,2025,2025 Panini Authentically Mahomes Icon Collection - Icon Highlights,IC-21,Patrick Mahomes II,Football,,,,Ungraded,1,,https://storage.googleapis.com/collx-product-images/1075522993455025152-1-ahZJ.jpg,,,1075522993455025152,1.62,
2025 Panini Authentically Mahomes Icon Collection - Icon Highlights Patrick Mahomes II #IC-2,2025,2025 Panini Authentically Mahomes Icon Collection - Icon Highlights,IC-2,Patrick Mahomes II,Football,,,,Ungraded,1,,https://storage.googleapis.com/collx-product-images/1075523055740439552-1-wo5O.jpg,,,1075523055740439552,0.99,
2025 Panini Authentically Mahomes Icon Collection - Icon Highlights Patrick Mahomes II #IC-11,2025,2025 Panini Authentically Mahomes Icon Collection - Icon Highlights,IC-11,Patrick Mahomes II,Football,,,,Ungraded,1,,https://storage.googleapis.com/collx-product-images/1075523151907441664-1-qvvd.jpg,,,1075523151907441664,,
2025 Panini Authentically Mahomes Icon Collection - Icon Highlights Red Patrick Mahomes II #IC-1,2025,2025 Panini Authentically Mahomes Icon Collection - Icon Highlights Red,IC-1,Patrick Mahomes II,Football,,,,Ungraded,1,,https://storage.googleapis.com/collx-product-images/1075523172853795840-1-cmxW.jpg,,,1075523172853795840,,
2025 Panini Authentically Mahomes Icon Collection - Touchdown Architect Patrick Mahomes II #TA-6,2025,2025 Panini Authentically Mahomes Icon Collection - Touchdown Architect,TA-6,Patrick Mahomes II,Football,,,,Ungraded,1,,https://storage.googleapis.com/collx-product-images/1075524058246204416-1-V9Y.jpg,,,1075524058246204416,2.99,
2025 Panini Authentically Mahomes Icon Collection - Title Waves Patrick Mahomes II #TW-2,2025,2025 Panini Authentically Mahomes Icon Collection - Title Waves,TW-2,Patrick Mahomes II,Football,,,,Ungraded,1,,https://storage.googleapis.com/collx-product-images/1075524093830679552-1-mS89.jpg,,,1075524093830679552,2.99,
2025 Panini Authentically Mahomes Icon Collection Patrick Mahomes II #21,2025,2025 Panini Authentically Mahomes Icon Collection,21,Patrick Mahomes II,Football,,,,Ungraded,1,,https://storage.googleapis.com/collx-product-images/1075524136981679104-1-KB0C.jpg,,,1075524136981679104,,
2025 Panini Authentically Mahomes Icon Collection - Icon Highlights Patrick Mahomes II #IC-11,2025,2025 Panini Authentically Mahomes Icon Collection - Icon Highlights,IC-11,Patrick Mahomes II,Football,,,,Ungraded,1,,https://storage.googleapis.com/collx-product-images/1075524177339272192-1-Hkbj.jpg,,,1075524177339272192,,
2025 Panini Authentically Mahomes Icon Collection - Icon Highlights Red Patrick Mahomes II #IC-1,2025,2025 Panini Authentically Mahomes Icon Collection - Icon Highlights Red,IC-1,Patrick Mahomes II,Football,,,,Ungraded,1,,https://storage.googleapis.com/collx-product-images/1075525363974982656-1-PBtw.jpg,,,1075525363974982656,,
Patrick Mahomes II,,,,Patrick Mahomes II,Football,,,,Ungraded,1,,https://storage.googleapis.com/collx-product-images/1075525425647621120-1-Zxdh.jpg,,,1075525425647621120,,
"2025 Panini Select - Pink Prizm Travis Hunter #28 (RC, SN10)",2025,2025 Panini Select - Pink Prizm,28,Travis Hunter,Football,"RC, SN10",,,Ungraded,1,,https://storage.googleapis.com/collx-product-images/1075183592285413376-1-8r1p.jpg,,,1075183592285413376,1.25,1.99
2025 Donruss Optic - Rookie Recruits Travis Hunter #3,2025,2025 Donruss Optic - Rookie Recruits,3,Travis Hunter,Football,,,,Ungraded,1,,https://storage.googleapis.com/collx-product-images/1075183603735863296-1-lV3V.jpg,,,1075183603735863296,1.00,1.99
2025 Panini Select - Pink Prizm Shock Travis Hunter #128 (RC),2025,2025 Panini Select - Pink Prizm Shock,128,Travis Hunter,Football,RC,,,Ungraded,1,,https://storage.googleapis.com/collx-product-images/1075183692889989120-1-PMY5.jpg,,,1075183692889989120,2.00,2.99
2025 Panini Prizm Draft Picks - Prizms Silver Omarion Hampton #74,2025,2025 Panini Prizm Draft Picks - Prizms Silver,74,Omarion Hampton,Football,,,,Ungraded,1,,https://storage.googleapis.com/collx-product-images/1075183734119997440-1-7XxV.jpg,,,1075183734119997440,1.25,1.49
2024 Panini Prizm Draft Picks - Instant Impact Red Ice Will Howard #II-WH,2024,2024 Panini Prizm Draft Picks - Instant Impact Red Ice,II-WH,Will Howard,Football,,,,Ungraded,1,,https://storage.googleapis.com/collx-product-images/1075182581921637376-1-454.jpg,,,1075182581921637376,1.65,1.99
2025 Panini Select - Silver Prizm Shock Chuba Hubbard #43,2025,2025 Panini Select - Silver Prizm Shock,43,Chuba Hubbard,Football,,,,Ungraded,1,,https://storage.googleapis.com/collx-product-images/1075182591811806208-1-5zT8.jpg,,,1075182591811806208,,1.99
2025 Panini Rookies & Stars Jarquez Hunter #136 (RC),2025,2025 Panini Rookies & Stars,136,Jarquez Hunter,Football,RC,,,Ungraded,1,,https://storage.googleapis.com/collx-product-images/1075182649273771008-1-ZU6W.jpg,,,1075182649273771008,1.10,1.99
2025 Panini Prizm Draft Picks - Instant Impact Green Travis Hunter #II-THR,2025,2025 Panini Prizm Draft Picks - Instant Impact Green,II-THR,Travis Hunter,Football,,,,Ungraded,1,,https://storage.googleapis.com/collx-product-images/1075182742471205888-1-Rmi.jpg,,,1075182742471205888,1.50,1.99
2025 Panini Select TreVeyon Henderson #78 (RC),2025,2025 Panini Select,78,TreVeyon Henderson,Football,RC,,,Ungraded,1,,https://storage.googleapis.com/collx-product-images/1075182005003510784-1-svYb.jpg,,,1075182005003510784,1.00,1.99
Omarion Hampton,,,,Omarion Hampton,Football,,,,Ungraded,1,,https://storage.googleapis.com/collx-product-images/1075178519931397120-1-AmkG.jpg,,,1075178519931397120,,3.99
2024 Panini Select - Green & Yellow Prizm Shock Najee Harris #85,2024,2024 Panini Select - Green & Yellow Prizm Shock,85,Najee Harris,Football,,,,Ungraded,1,,https://storage.googleapis.com/collx-product-images/1075178576369951744-1-UZwa.jpg,,,1075178576369951744,0.99,1.49
2025 Topps Chrome Marvin Harrison Jr. #1,2025,2025 Topps Chrome,1,Marvin Harrison Jr.,Football,,,,Ungraded,1,,https://storage.googleapis.com/collx-product-images/1075178624788997120-1-bSbz.jpg,,,1075178624788997120,1.00,1.49
2025 Panini Prizm - Lazer TreVeyon Henderson #343,2025,2025 Panini Prizm - Lazer,343,TreVeyon Henderson,Football,,,,Ungraded,1,,https://storage.googleapis.com/collx-product-images/1075178685866451968-1-EB46.jpg,,,1075178685866451968,3.33,3.5
2025 Score - Stars Alex Highsmith #102 (SN499),2025,2025 Score - Stars,102,Alex Highsmith,Football,SN499,,,Ungraded,1,,https://storage.googleapis.com/collx-product-images/1075178827440989184-1-WBrg.jpg,,,1075178827440989184,2.50,3.49
2025 Panini Prizm Draft Picks - Prizms Blue Wave Will Howard #83 (SN299),2025,2025 Panini Prizm Draft Picks - Prizms Blue Wave,83,Will Howard,Football,SN299,,,Ungraded,1,,https://storage.googleapis.com/collx-product-images/1075178887830578176-1-DPoo.jpg,,,1075178887830578176,3.00,3.49
2025 Panini Prizm Draft Picks - Instant Impact Green Pulsar Dillon Gabriel #II-DGL (SN49),2025,2025 Panini Prizm Draft Picks - Instant Impact Green Pulsar,II-DGL,Dillon Gabriel,Football,SN49,,,Ungraded,1,,https://storage.googleapis.com/collx-product-images/1075149797228557312-1-V9sT.jpg,,,1075149797228557312,3.00,3.99
2025 Panini Select - Green and Yellow Prizm Shock Dillon Gabriel #154 (RC),2025,2025 Panini Select - Green and Yellow Prizm Shock,154,Dillon Gabriel,Football,RC,,,Ungraded,1,,https://storage.googleapis.com/collx-product-images/1075149837770699776-1-ZuXq.jpg,,,1075149837770699776,,2.99
2025 Panini Mosaic - Silver Trevor Etienne #340 (RC),2025,2025 Panini Mosaic - Silver,340,Trevor Etienne,Football,RC,,,Ungraded,1,,https://storage.googleapis.com/collx-product-images/1075150386117227520-1-ACYC.jpg,,,1075150386117227520,,2.99
2025 Panini Phoenix Trevor Etienne #183 (RC),2025,2025 Panini Phoenix,183,Trevor Etienne,Football,RC,,,Ungraded,1,,https://storage.googleapis.com/collx-product-images/1075150479390159872-1-WPQN.jpg,,,1075150479390159872,0.62,1.49
2025 Donruss Optic - Stars Travis Etienne Jr. #106,2025,2025 Donruss Optic - Stars,106,Travis Etienne Jr.,Football,,,,Ungraded,1,,https://storage.googleapis.com/collx-product-images/1075150987421037568-1-wk30.jpg,,,1075150987421037568,0.99,1.49
2025 Score Trevor Etienne #51 (RC),2025,2025 Score,51,Trevor Etienne,Football,RC,,,Ungraded,1,,https://storage.googleapis.com/collx-product-images/1075151193378141184-1-IE1f.jpg,,,1075151193378141184,0.99,1.49
2025 Panini Rookies & Stars - Rookie Rush Trevor Etienne #19,2025,2025 Panini Rookies & Stars - Rookie Rush,19,Trevor Etienne,Football,,,,Ungraded,1,,https://storage.googleapis.com/collx-product-images/1075151806786712576-1-fzGm.jpg,,,1075151806786712576,0.99,1.49
2025 Donruss Optic Trevor Etienne #222 (RC),2025,2025 Donruss Optic,222,Trevor Etienne,Football,RC,,,Ungraded,1,,https://storage.googleapis.com/collx-product-images/1075151848394208256-1-pq3C.jpg,,,1075151848394208256,1.70,1.99
2025 Panini Absolute - Orange Joe Burrow #37,2025,2025 Panini Absolute - Orange,37,Joe Burrow,Football,,,,Ungraded,1,,https://storage.googleapis.com/collx-product-images/1075119312095949824-1-z2Zh.jpg,,,1075119312095949824,1.16,1.49
2025 Score - League Leaders Joe Burrow #1,2025,2025 Score - League Leaders,1,Joe Burrow,Football,,,,Ungraded,1,,https://storage.googleapis.com/collx-product-images/1075119355070788608-1-Zw2g.jpg,,,1075119355070788608,0.99,1.49
2025 Score Dillon Gabriel #41 (RC),2025,2025 Score,41,Dillon Gabriel,Football,RC,,,Ungraded,1,,https://storage.googleapis.com/collx-product-images/1075119545576076288-1-uXYN.jpg,,,1075119545576076288,0.99,1.49
2025 Panini Rookies & Stars Dillon Gabriel #117 (RC),2025,2025 Panini Rookies & Stars,117,Dillon Gabriel,Football,RC,,,Ungraded,1,,https://storage.googleapis.com/collx-product-images/1075119659677922304-1-c2BR.jpg,,,1075119659677922304,1.30,1.49
2025 Panini Rookies & Stars - Draft Class Dillon Gabriel #20,2025,2025 Panini Rookies & Stars - Draft Class,20,Dillon Gabriel,Football,,,,Ungraded,1,,https://storage.googleapis.com/collx-product-images/1075119718993769472-1-5wr.jpg,,,1075119718993769472,0.99,1.49
2025 Donruss - Press Proofs Green Dillon Gabriel #316 (RC),2025,2025 Donruss - Press Proofs Green,316,Dillon Gabriel,Football,RC,,,Ungraded,1,,https://storage.googleapis.com/collx-product-images/1075119774937396224-1-6PEY.jpg,,,1075119774937396224,1.59,1.99
Joe Burrow,,,,Joe Burrow,Football,,,,Ungraded,1,,https://storage.googleapis.com/collx-product-images/1075118519926141952-1-jPVI.jpg,,,1075118519926141952,,1.99
2025 Score - Gold Joe Burrow #284,2025,2025 Score - Gold,284,Joe Burrow,Football,,,,Ungraded,1,,https://storage.googleapis.com/collx-product-images/1075117750321689600-1-bCpp.jpg,,,1075117750321689600,1.00,1.49
2025 Panini Phoenix - Silver Prizm Dillon Gabriel #175 (RC),2025,2025 Panini Phoenix - Silver Prizm,175,Dillon Gabriel,Football,RC,,,Ungraded,1,,https://storage.googleapis.com/collx-product-images/1075073417585374208-1-JI0F.jpg,,,1075073417585374208,1.37,1.49
2025 Topps Chrome - Refractor Dillon Gabriel #317 (RC),2025,2025 Topps Chrome - Refractor,317,Dillon Gabriel,Football,RC,,,Ungraded,1,,https://storage.googleapis.com/collx-product-images/1075073457666143232-1-1hTN.jpg,,,1075073457666143232,0.95,1.49
2025 Topps Chrome - 1975 Topps Myles Garrett #1975-8,2025,2025 Topps Chrome - 1975 Topps,1975-8,Myles Garrett,Football,,,,Ungraded,1,,https://storage.googleapis.com/collx-product-images/1075073952258470912-1-rPIU.jpg,,,1075073952258470912,1.00,1.99
2024 Panini Select - Pink Prizm Jahmyr Gibbs #163 (SN10),2024,2024 Panini Select - Pink Prizm,163,Jahmyr Gibbs,Football,SN10,,,Ungraded,1,,https://storage.googleapis.com/collx-product-images/1075074015936394240-1-xt9V.jpg,,,1075074015936394240,,2.49
2025 Panini Phoenix Jared Goff #62,2025,2025 Panini Phoenix,62,Jared Goff,Football,,,,Ungraded,1,,https://storage.googleapis.com/collx-product-images/1075074383399367680-1-VCMr.jpg,,,1075074383399367680,1.89,3.49
2025 Panini Phoenix Jared Goff #62,2025,2025 Panini Phoenix,62,Jared Goff,Football,,,,Ungraded,1,,https://storage.googleapis.com/collx-product-images/1075074528086078464-1-2ypi.jpg,,,1075074528086078464,1.89,3.49
2025 Topps Chrome - Power Players Jahmyr Gibbs #PP-12,2025,2025 Topps Chrome - Power Players,PP-12,Jahmyr Gibbs,Football,,,,Ungraded,1,,https://storage.googleapis.com/collx-product-images/1075074923004965888-1-vVxG.jpg,,,1075074923004965888,1.29,1.99
2025 Panini Prizm Chris Godwin #244,2025,2025 Panini Prizm,244,Chris Godwin,Football,,,,Ungraded,1,,https://storage.googleapis.com/collx-product-images/1075074967280038912-1-Zfw.jpg,,,1075074967280038912,1.24,1.49
2025 Panini Prizm Draft Picks - Prizms Silver Matthew Golden #130,2025,2025 Panini Prizm Draft Picks - Prizms Silver,130,Matthew Golden,Football,,,,Ungraded,1,,https://storage.googleapis.com/collx-product-images/1075075365982188544-1-dj4h.jpg,,,1075075365982188544,1.24,1.49
2025 Panini Rookies & Stars - Crusade Silver Matthew Golden #16,2025,2025 Panini Rookies & Stars - Crusade Silver,16,Matthew Golden,Football,,,,Ungraded,1,,https://storage.googleapis.com/collx-product-images/1075075509477716992-1-DQoL.jpg,,,1075075509477716992,1.50,1.99
2025 Panini Phoenix - Paragon Matthew Golden #13,2025,2025 Panini Phoenix - Paragon,13,Matthew Golden,Football,,,,Ungraded,1,,https://storage.googleapis.com/collx-product-images/1075075520634565632-1-Edcy.jpg,,,1075075520634565632,1.48,1.99
2025 Panini Prizm - Silver Matthew Golden #326,2025,2025 Panini Prizm - Silver,326,Matthew Golden,Football,,,,Ungraded,1,,https://storage.googleapis.com/collx-product-images/1075075877469172736-1-UpM7.jpg,,,1075075877469172736,5.00,5.99
2025 Donruss Optic - Stars Terrance Ferguson #244 (RC),2025,2025 Donruss Optic - Stars,244,Terrance Ferguson,Football,RC,,,Ungraded,1,,https://storage.googleapis.com/collx-product-images/1075072148800025600-1-8AMD.jpg,,,1075072148800025600,3.95,3.99
2025 Panini Select - Pink Prizm Sam Darnold #13 (SN10),2025,2025 Panini Select - Pink Prizm,13,Sam Darnold,Football,SN10,,,Ungraded,1,,https://storage.googleapis.com/collx-product-images/1075066203525100544-1-3FJd.jpg,,,1075066203525100544,1.00,1.99
2025 Topps Chrome Gabe Davis #142,2025,2025 Topps Chrome,142,Gabe Davis,Football,,,,Ungraded,1,,https://storage.googleapis.com/collx-product-images/1075066228414100480-1-8RyU.jpg,,,1075066228414100480,1.49,1.99
2025 Topps Chrome Emeka Egbuka #312 (RC),2025,2025 Topps Chrome,312,Emeka Egbuka,Football,RC,,,Ungraded,1,,https://storage.googleapis.com/collx-product-images/1075066739901084672-1-cu5B.jpg,,,1075066739901084672,6.00,6
2025 Panini Select - Green and Yellow Prizm Shock Nick Emmanwori #15 (RC),2025,2025 Panini Select - Green and Yellow Prizm Shock,15,Nick Emmanwori,Football,RC,,,Ungraded,1,,https://storage.googleapis.com/collx-product-images/1075066792212444160-1-fAI0.jpg,,,1075066792212444160,,2.49
2025 Panini Select - Pink Prizm Shock Trevor Etienne #45,2025,2025 Panini Select - Pink Prizm Shock,45,Trevor Etienne,Football,,,,Ungraded,1,,https://storage.googleapis.com/collx-product-images/1075067762061358080-1-5ecb.jpg,,,1075067762061358080,,2.49
2025 Panini Prizm Draft Picks - Instant Impact Red Ice Trevor Etienne #II-TEE,2025,2025 Panini Prizm Draft Picks - Instant Impact Red Ice,II-TEE,Trevor Etienne,Football,,,,Ungraded,1,,https://storage.googleapis.com/collx-product-images/1075067944815571968-1-wrpa.jpg,,,1075067944815571968,1.11,1.49
2023 Panini Prizm - Orange Travis Etienne Jr. #138 (SN249),2023,2023 Panini Prizm - Orange,138,Travis Etienne Jr.,Football,SN249,,,Ungraded,1,,https://storage.googleapis.com/collx-product-images/1075069026929226752-1-sbda.jpg,,,1075069026929226752,1.82,2.49
2025 Panini Prizm Draft Picks - Prizms Red Ice Trevor Etienne #155,2025,2025 Panini Prizm Draft Picks - Prizms Red Ice,155,Trevor Etienne,Football,,,,Ungraded,1,,https://storage.googleapis.com/collx-product-images/1075069050778039296-1-q797.jpg,,,1075069050778039296,0.99,1.99
2025 Panini Phoenix Quinn Ewers #159 (RC),2025,2025 Panini Phoenix,159,Quinn Ewers,Football,RC,,,Ungraded,1,,https://storage.googleapis.com/collx-product-images/1075069644121060352-1-Yd3X.jpg,,,1075069644121060352,1.19,2
2025 Panini Phoenix - Silver Pyramids Prizm Quinn Ewers #159 (RC),2025,2025 Panini Phoenix - Silver Pyramids Prizm,159,Quinn Ewers,Football,RC,,,Ungraded,1,,https://storage.googleapis.com/collx-product-images/1075069699964023808-1-5P6d.jpg,,,1075069699964023808,2.25,3.99
2025 Panini Prizm Draft Picks - New Recruits Harold Fannin Jr. #3,2025,2025 Panini Prizm Draft Picks - New Recruits,3,Harold Fannin Jr.,Football,,,,Ungraded,1,,https://storage.googleapis.com/collx-product-images/1075069719165547520-1-mGdE.jpg,,,1075069719165547520,1.99,1.99
"2025 Panini Select - Red Prizm Quinn Ewers #82 (RC, SN99)",2025,2025 Panini Select - Red Prizm,82,Quinn Ewers,Football,"RC, SN99",,,Ungraded,1,,https://storage.googleapis.com/collx-product-images/1075071065621017600-1-iYYV.jpg,,,1075071065621017600,1.00,1.99
2025 Panini Prizm Draft Picks - Student Orientation Red Ice Quinn Ewers #6,2025,2025 Panini Prizm Draft Picks - Student Orientation Red Ice,6,Quinn Ewers,Football,,,,Ungraded,1,,https://storage.googleapis.com/collx-product-images/1075071078656914432-1-4Ymo.jpg,,,1075071078656914432,1.49,1.99
2025 Topps Chrome - Refractor Kenny Clark #73,2025,2025 Topps Chrome - Refractor,73,Kenny Clark,Football,,,,Ungraded,1,,https://storage.googleapis.com/collx-product-images/1075058909085185024-1-H6cN.jpg,,,1075058909085185024,,1.99
2025 Topps Chrome Jacory Croskey-Merritt #387 (RC),2025,2025 Topps Chrome,387,Jacory Croskey-Merritt,Football,RC,,,Ungraded,1,,https://storage.googleapis.com/collx-product-images/1075058949384057856-1-Sr0B.jpg,,,1075058949384057856,3.00,3
2025 Topps Chrome - Pulsar Refractor Jacory Croskey-Merritt #387 (RC),2025,2025 Topps Chrome - Pulsar Refractor,387,Jacory Croskey-Merritt,Football,RC,,,Ungraded,1,,https://storage.googleapis.com/collx-product-images/1075059046532527104-1-MiGF.jpg,,,1075059046532527104,1.25,1.99
2025 Panini Prizm Draft Picks - Prizms Silver Jayden Daniels #178,2025,2025 Panini Prizm Draft Picks - Prizms Silver,178,Jayden Daniels,Football,,,,Ungraded,1,,https://storage.googleapis.com/collx-product-images/1075060448570913792-1-doY5.jpg,,,1075060448570913792,1.75,1.5
2025 Donruss - Press Proofs Yellow Jayden Daniels #28,2025,2025 Donruss - Press Proofs Yellow,28,Jayden Daniels,Football,,,,Ungraded,1,,https://storage.googleapis.com/collx-product-images/1075060503759565824-1-uGZC.jpg,,,1075060503759565824,1.25,1.25
2025 Topps Chrome - 1975 Topps Refractor Jayden Daniels #1975-34,2025,2025 Topps Chrome - 1975 Topps Refractor,1975-34,Jayden Daniels,Football,,,,Ungraded,1,,https://storage.googleapis.com/collx-product-images/1075060530536002560-1-3vA.jpg,,,1075060530536002560,1.75,6.99
2025 Topps Chrome - Refractor Jahdae Barron #359 (RC),2025,2025 Topps Chrome - Refractor,359,Jahdae Barron,Football,RC,,,Ungraded,1,,https://storage.googleapis.com/collx-product-images/1075052944835228672-1-MtVL.jpg,,,1075052944835228672,,3
2025 Panini Phoenix - Light Blue Pyramids Prizm Trey Benson #27 (SN385),2025,2025 Panini Phoenix - Light Blue Pyramids Prizm,27,Trey Benson,Football,SN385,,,Ungraded,1,,https://storage.googleapis.com/collx-product-images/1075053832433841152-1-v452.jpg,,,1075053832433841152,,3
2025 Panini Select Tank Bigsby #129,2025,2025 Panini Select,129,Tank Bigsby,Football,,,,Ungraded,1,,https://storage.googleapis.com/collx-product-images/1075054251537085440-1-n3IL.jpg,,,1075054251537085440,18.50,3
2025 Panini Select - Copper Prizm Shock Yahya Black #153 (SN899),2025,2025 Panini Select - Copper Prizm Shock,153,Yahya Black,Football,SN899,,,Ungraded,1,,https://storage.googleapis.com/collx-product-images/1075054826987205632-1-QHz0.jpg,,,1075054826987205632,2.25,3
2025 Score - Top 100 Nick Bosa #27,2025,2025 Score - Top 100,27,Nick Bosa,Football,,,,Ungraded,1,,https://storage.googleapis.com/collx-product-images/1075055776351138816-1-qwJd.jpg,,,1075055776351138816,9.00,9
2025 Panini Prizm - Silver Chris Boswell #174,2025,2025 Panini Prizm - Silver,174,Chris Boswell,Football,,,,Ungraded,1,,https://storage.googleapis.com/collx-product-images/1075055811717510144-1-3X0K.jpg,,,1075055811717510144,1.49,1.5
2025 Panini Prizm - White Disco Dwayne Bowe #46,2025,2025 Panini Prizm - White Disco,46,Dwayne Bowe,Football,,,,Ungraded,1,,https://storage.googleapis.com/collx-product-images/1075055873851929600-1-aCIO.jpg,,,1075055873851929600,0.99,2
2025 Panini Prizm - Silver Brock Bowers #6,2025,2025 Panini Prizm - Silver,6,Brock Bowers,Football,,,,Ungraded,1,,https://storage.googleapis.com/collx-product-images/1075056780735951872-1-eeMP.jpg,,,1075056780735951872,1.99,1.99
2025 Topps Chrome - Fortune 15 Brock Bowers #F15-8,2025,2025 Topps Chrome - Fortune 15,F15-8,Brock Bowers,Football,,,,Ungraded,1,,https://storage.googleapis.com/collx-product-images/1075056855998542848-1-hqqy.jpg,,,1075056855998542848,1.00,1.49
2025 Topps Chrome - Refractor Hollywood Brown #146,2025,2025 Topps Chrome - Refractor,146,Hollywood Brown,Football,,,,Ungraded,1,,https://storage.googleapis.com/collx-product-images/1075056900885984256-1-L5ST.jpg,,,1075056900885984256,,1.99
2025 Panini Prizm Draft Picks Vernell Brown III #154,2025,2025 Panini Prizm Draft Picks,154,Vernell Brown III,Football,,,,Ungraded,1,,https://storage.googleapis.com/collx-product-images/1075057667395040256-1-jRTG.jpg,,,1075057667395040256,1.29,1.49
2025 Donruss Optic Pat Bryant #215 (RC),2025,2025 Donruss Optic,215,Pat Bryant,Football,RC,,,Ungraded,1,,https://storage.googleapis.com/collx-product-images/1075057677402649600-1-l65A.jpg,,,1075057677402649600,1.10,1.49
2025 Panini Select - Pink Prizm Pat Bryant #112 (SN8),2025,2025 Panini Select - Pink Prizm,112,Pat Bryant,Football,SN8,,,Ungraded,1,,https://storage.googleapis.com/collx-product-images/1075057753848034304-1-dR6Z.jpg,,,1075057753848034304,,3.99
2025 Panini Select Joe Burrow #57,2025,2025 Panini Select,57,Joe Burrow,Football,,,,Ungraded,1,,https://storage.googleapis.com/collx-product-images/1075057819748938752-1-dBg1.jpg,,,1075057819748938752,1.79,1.99
2025 Panini Select - Red and Blue Prizm Shock Josh Allen #86,2025,2025 Panini Select - Red and Blue Prizm Shock,86,Josh Allen,Football,,,,Ungraded,1,,https://storage.googleapis.com/collx-product-images/1075051938781082624-1-zuA5.jpg,,,1075051938781082624,1.80,3
2025 Topps Chrome Trey Amos #371 (RC),2025,2025 Topps Chrome,371,Trey Amos,Football,RC,,,Ungraded,1,,https://storage.googleapis.com/collx-product-images/1075052205421376512-1-v0IE.jpg,,,1075052205421376512,3.00,3
