position,segment,title,category,opening_bid,buy_it_now,comp_median,image_url,ebay_url
1,warmup,3 Neon Green Pulsar and 5 Purple Wave Prizm 2025 Cards,Mixed,1.60,4.39,3.99,https://i.ebayimg.com/images/g/EGoAAeSwKRRqA1Ap/s-l500.jpg,https://www.ebay.com/itm/3-Neon-Green-Pulsar-and-5-Purple-Wave-Prizm-2025-Cards-/306934532731
2,warmup,13 Junior Seau Cards Including Rookie Cards San Diego Chargers,Mixed,1.22,3.34,3.04,https://i.ebayimg.com/images/g/sOAAAeSwwQlpm1Un/s-l500.jpg,https://www.ebay.com/itm/13-Junior-Seau-Cards-Including-Rookie-Cards-San-Diego-Chargers-/306785163679
3,warmup,10 Eric Metcalf Cards Cleveland Browns,Mixed,1.00,1.10,,https://i.ebayimg.com/images/g/SocAAeSwqZVp9k4F/s-l500.jpg,https://www.ebay.com/itm/10-Eric-Metcalf-Cards-Cleveland-Browns-/306914500757
4,warmup,2025 Panini Select - Club Level Najee Harris #203 Black & Green Shock Prizm,Mixed,1.20,3.29,3.00,https://i.ebayimg.com/images/g/bSwAAeSwDgxqAKgR/s-l500.jpg,https://www.ebay.com/itm/2025-Panini-Select-Club-Level-Najee-Harris-203-Black-Green-Shock-Prizm-/306930471991
5,warmup,2024 Panini Prizm Draft Picks - Gold Ice Prizm Lot (16 Cards),Football,1.00,2.48,2.25,https://i.ebayimg.com/images/g/QiAAAeSwZZBqAvQg/s-l500.jpg,https://www.ebay.com/itm/2024-Panini-Prizm-Draft-Picks-Gold-Ice-Prizm-Lot-16-Cards--/306933928667
6,warmup,"1989 Fleer - Mike Heathb On Front , Tom Brookens On Back. And Vice Versa.",Mixed,1.00,1.35,,https://i.ebayimg.com/images/g/XXsAAeSwDgxqATpd/s-l500.jpg,https://www.ebay.com/itm/1989-Fleer-Mike-Heathb-On-Front-Tom-Brookens-On-Back-And-Vice-Versa--/306931330505
7,warmup,2025 Topps Chrome Jaylen Waddle X-Fractor #186 Dolphins,Baseball,2.27,6.24,5.67,https://i.ebayimg.com/images/g/aVgAAeSwxGJqBku3/s-l500.jpg,https://www.ebay.com/itm/2025-Topps-Chrome-Jaylen-Waddle-X-Fractor-186-Dolphins-/306939304842
8,warmup,2025 Select Football Chuba Hubbard Concourse Silver Prizm #43,Football,1.00,2.74,2.50,https://i.ebayimg.com/images/g/-IQAAeSwSptqB-Zh/s-l500.jpg,https://www.ebay.com/itm/2025-Select-Football-Chuba-Hubbard-Concourse-Silver-Prizm-43-/306941721710
9,warmup,2025 Panini Prizm Draft Picks #97 Dillon Gabriel Prizms Silver Oregon Ducks,Football,1.20,3.29,3.00,https://i.ebayimg.com/images/g/LXIAAeSw9fpqB-f7/s-l500.jpg,https://www.ebay.com/itm/2025-Panini-Prizm-Draft-Picks-97-Dillon-Gabriel-Prizms-Silver-Oregon-Ducks-/306941727410
10,warmup,2009 Playoff Prestige - Rookie Louis Murphy #169 Blue Jersey (RC),Mixed,1.00,1.35,,https://i.ebayimg.com/images/g/zK8AAeSwHNFqCOPW/s-l500.jpg,https://www.ebay.com/itm/2009-Playoff-Prestige-Rookie-Louis-Murphy-169-Blue-Jersey-RC--/306943185140
11,main,2025 Panini Prizm Draft Picks - Jayden Daniels #178 Silver Prizm,Football,1.20,3.29,3.00,https://i.ebayimg.com/images/g/64EAAeSwZLVqAPgo/s-l500.jpg,https://www.ebay.com/itm/2025-Panini-Prizm-Draft-Picks-Jayden-Daniels-178-Silver-Prizm-/306930942401
12,main,1991-92 Fleer - Pro Vision Magic Johnson #6,Mixed,1.00,1.54,,https://i.ebayimg.com/images/g/6dYAAeSw4vpqAOEd/s-l500.jpg,https://www.ebay.com/itm/1991-92-Fleer-Pro-Vision-Magic-Johnson-6-/306930807722
13,main,2025 Topps Chrome Garrett Williams #6 Arizona Cardinals,Baseball,2.27,6.24,5.67,https://i.ebayimg.com/images/g/vj8AAeSw--9qALYV/s-l500.jpg,https://www.ebay.com/itm/2025-Topps-Chrome-Garrett-Williams-6-Arizona-Cardinals-/306930553146
14,main,6 Basketball Cards From 90s,Basketball,1.82,5.02,,https://i.ebayimg.com/images/g/tLkAAeSwdJBqARAi/s-l500.jpg,https://www.ebay.com/itm/6-Basketball-Cards-From-90s-/306931070594
15,main,2025 Panini Prizm Draft Picks - Andrew Marsh #157 Silver Prizm (RC),Football,1.20,3.29,3.00,https://i.ebayimg.com/images/g/lTUAAeSwSx9p9hlJ/s-l500.jpg,https://www.ebay.com/itm/2025-Panini-Prizm-Draft-Picks-Andrew-Marsh-157-Silver-Prizm-RC--/306914176585
16,main,2025 Panini Select - Concourse Brian Thomas Jr. #30 Green & Yellow Shock Prizm,Mixed,1.20,3.29,3.00,https://i.ebayimg.com/images/g/tWMAAeSwnSNqAKc-/s-l500.jpg,https://www.ebay.com/itm/2025-Panini-Select-Concourse-Brian-Thomas-Jr-30-Green-Yellow-Shock-Prizm-/306930465261
17,main,2025 Topps Update Series - 1990 Topps Baseball Marcelo Mayer #U90-9 Green...,Baseball,1.00,2.44,,https://i.ebayimg.com/images/g/LcIAAeSw-7BqBUUx/s-l500.jpg,https://www.ebay.com/itm/2025-Topps-Update-Series-1990-Topps-Baseball-Marcelo-Mayer-U90-9-Green--/306937606464
18,main,6 Basketball Cards From The 90s,Basketball,1.82,5.02,,https://i.ebayimg.com/images/g/WVQAAeSwK4lqARIa/s-l500.jpg,https://www.ebay.com/itm/6-Basketball-Cards-From-The-90s-/306931077943
19,main,2025 Panini Prizm Draft Picks - Barry Sanders #188 Purple Wave Prizm,Football,1.20,3.29,3.00,https://i.ebayimg.com/images/g/p9EAAeSw7LZp9idy/s-l500.jpg,https://www.ebay.com/itm/2025-Panini-Prizm-Draft-Picks-Barry-Sanders-188-Purple-Wave-Prizm-/306914248743
20,main,2025 Panini Phoenix - Paragon Ashton Jeanty #10 (RC),Mixed,1.20,3.29,3.00,https://i.ebayimg.com/images/g/orMAAeSwY5xqB-rp/s-l500.jpg,https://www.ebay.com/itm/2025-Panini-Phoenix-Paragon-Ashton-Jeanty-10-RC--/306941733672
21,main,2025 Topps Chrome - Penei Sewell #99 Refractor,Baseball,2.27,6.24,5.67,https://i.ebayimg.com/images/g/86MAAeSwKDVqBkgx/s-l500.jpg,https://www.ebay.com/itm/2025-Topps-Chrome-Penei-Sewell-99-Refractor-/306939281535
22,main,6 Basketball Cards From The 90s,Basketball,1.82,5.02,,https://i.ebayimg.com/images/g/uXIAAeSwJSpqAR2W/s-l500.jpg,https://www.ebay.com/itm/6-Basketball-Cards-From-The-90s-/306931142490
23,main,2025 Topps Chrome Football Deommodore Lenoir Refractor #269 49'ers,Football,2.27,6.24,5.67,https://i.ebayimg.com/images/g/~boAAeSwKDVqAKqf/s-l500.jpg,https://www.ebay.com/itm/2025-Topps-Chrome-Football-Deommodore-Lenoir-Refractor-269-49-ers-/306930492125
24,main,12 Jim Everett Cards Los Angeles Rams New Orleans Saints,Mixed,1.00,1.65,,https://i.ebayimg.com/images/g/hOMAAeSwWi9p7w-H/s-l500.jpg,https://www.ebay.com/itm/12-Jim-Everett-Cards-Los-Angeles-Rams-New-Orleans-Saints-/306904215389
25,main,2024 Topps Chrome - Rookies Marvin Harrison Jr. #204 (RC),Baseball,1.00,2.57,,https://i.ebayimg.com/images/g/S10AAeSwSptqBkxq/s-l500.jpg,https://www.ebay.com/itm/2024-Topps-Chrome-Rookies-Marvin-Harrison-Jr-204-RC--/306939312739
26,main,2025 Panini Prizm - Chris Boswell #174,Football,1.20,3.29,3.00,https://i.ebayimg.com/images/g/IkQAAeSwWi9qANYX/s-l500.jpg,https://www.ebay.com/itm/2025-Panini-Prizm-Chris-Boswell-174-/306930746886
27,main,2025 Panini Rookies & Stars - Artistry in Motion Lamar Jackson #2,Mixed,1.60,4.39,3.99,https://i.ebayimg.com/images/g/nj4AAeSwM4Zp9hjO/s-l500.jpg,https://www.ebay.com/itm/2025-Panini-Rookies-Stars-Artistry-in-Motion-Lamar-Jackson-2-/306914174921
28,main,2025 Topps Chrome CeeDee Lamb Card Fortune 15 Refractor Dallas Cowboys #F15-9,Baseball,2.27,6.24,5.67,https://i.ebayimg.com/images/g/PqUAAeSwJy5qBmdy/s-l500.jpg,https://www.ebay.com/itm/2025-Topps-Chrome-CeeDee-Lamb-Card-Fortune-15-Refractor-Dallas-Cowboys-F15-9-/306939472487
29,main,2025 Panini Prizm Draft Picks #6 Quinn Ewers Student Orientation Red Ice,Football,1.20,3.29,3.00,https://i.ebayimg.com/images/g/5aUAAeSwPN5qAPA7/s-l500.jpg,https://www.ebay.com/itm/2025-Panini-Prizm-Draft-Picks-6-Quinn-Ewers-Student-Orientation-Red-Ice-/306930903609
30,main,2025 Panini Select - Select Numbers Jordan Love #7 Silver Prizm,Mixed,1.20,3.29,3.00,https://i.ebayimg.com/images/g/vrwAAeSwI-5p9ie0/s-l500.jpg,https://www.ebay.com/itm/2025-Panini-Select-Select-Numbers-Jordan-Love-7-Silver-Prizm-/306914249326
31,main,2025 Topps Chrome Bill Jacory Croskey-Merritt Refractor Rookie RC 387 Commanders,Baseball,2.27,6.24,5.67,https://i.ebayimg.com/images/g/0OMAAeSwPN5qBmfD/s-l500.jpg,https://www.ebay.com/itm/2025-Topps-Chrome-Bill-Jacory-Croskey-Merritt-Refractor-Rookie-RC-387-Commanders-/306939473666
32,main,2025 Panini Prizm Draft Picks - Chris Paul Jr. #2 Silver Prizm (RC),Football,1.20,3.29,3.00,https://i.ebayimg.com/images/g/e6EAAeSwbvhqAPB~/s-l500.jpg,https://www.ebay.com/itm/2025-Panini-Prizm-Draft-Picks-Chris-Paul-Jr-2-Silver-Prizm-RC--/306930904430
33,main,2025 Panini Select - Club Level Kyle Monangai #274 (RC),Mixed,1.20,3.30,3.00,https://i.ebayimg.com/images/g/898AAeSwYRNqAKoe/s-l500.jpg,https://www.ebay.com/itm/2025-Panini-Select-Club-Level-Kyle-Monangai-274-RC--/306930486853
34,main,2025 Topps Chrome Jacory Croskey-Merritt Refractor #387 (RC),Baseball,2.27,6.24,5.67,https://i.ebayimg.com/images/g/W~cAAeSwe69qCCDi/s-l500.jpg,https://www.ebay.com/itm/2025-Topps-Chrome-Jacory-Croskey-Merritt-Refractor-387-RC--/306942007235
35,main,2025 Panini Prizm Draft Picks - Instant Impact Will Howard #II-WHD Red Ice Prizm,Football,1.20,3.29,3.00,https://i.ebayimg.com/images/g/n8EAAeSwsj1qAPKf/s-l500.jpg,https://www.ebay.com/itm/2025-Panini-Prizm-Draft-Picks-Instant-Impact-Will-Howard-II-WHD-Red-Ice-Prizm-/306930911781
36,main,2025 Panini Rookies & Stars #16 Matthew Golden Crusade Silver,Mixed,1.60,4.39,3.99,https://i.ebayimg.com/images/g/lJkAAeSw6YZqB-ma/s-l500.jpg,https://www.ebay.com/itm/2025-Panini-Rookies-Stars-16-Matthew-Golden-Crusade-Silver-/306941729219
37,main,2025 Topps Chrome - Rookies Riley Leonard #318 Hot Pink X-Fractor (RC),Baseball,2.27,6.24,5.67,https://i.ebayimg.com/images/g/XU4AAeSwrclqBknS/s-l500.jpg,https://www.ebay.com/itm/2025-Topps-Chrome-Rookies-Riley-Leonard-318-Hot-Pink-X-Fractor-RC--/306939289562
38,main,3 Steve Largent Cards Seattle Seahawks Football Card Lot NFL,Football,1.20,3.30,3.00,https://i.ebayimg.com/images/g/VIUAAeSwm5Bp9eiq/s-l500.jpg,https://www.ebay.com/itm/3-Steve-Largent-Cards-Seattle-Seahawks-Football-Card-Lot-NFL-/306913845449
39,main,Deion Sanders Cards,Mixed,1.00,2.19,,https://i.ebayimg.com/images/g/WaQAAeSwVrFpmoj4/s-l500.jpg,https://www.ebay.com/itm/Deion-Sanders-Cards-/306784122664
40,main,2025 Topps Chrome #276 Kenneth Walker III Lime Green X-Fractor,Baseball,2.27,6.24,5.67,https://i.ebayimg.com/images/g/4mUAAeSwN8dqBlFC/s-l500.jpg,https://www.ebay.com/itm/2025-Topps-Chrome-276-Kenneth-Walker-III-Lime-Green-X-Fractor-/306939339030
41,main,Carl Banks New York Giants Football Card Lot (8) Super Bowl LB,Football,1.20,3.30,3.00,https://i.ebayimg.com/images/g/5sgAAeSw3Hxp7sDj/s-l500.jpg,https://www.ebay.com/itm/Carl-Banks-New-York-Giants-Football-Card-Lot-8-Super-Bowl-LB-/306903947932
42,main,1993-94 Fleer Ultra - Bobby Hurley #161 (RC),Mixed,1.00,2.19,,https://i.ebayimg.com/images/g/5TkAAeSwM4hqAPRX/s-l500.jpg,https://www.ebay.com/itm/1993-94-Fleer-Ultra-Bobby-Hurley-161-RC--/306930920326
43,main,2025 Topps Chrome Matthew Golden Pink X-fractor. Packers,Baseball,2.27,6.24,5.67,https://i.ebayimg.com/images/g/lNEAAeSwrclqBlIQ/s-l500.jpg,https://www.ebay.com/itm/2025-Topps-Chrome-Matthew-Golden-Pink-X-fractor-Packers-/306939342209
44,main,5 Bobby Humphrey Cards Denver Broncos Football Card Lot NFL,Football,1.20,3.30,3.00,https://i.ebayimg.com/images/g/nJwAAeSwFO1p9XlJ/s-l500.jpg,https://www.ebay.com/itm/5-Bobby-Humphrey-Cards-Denver-Broncos-Football-Card-Lot-NFL-/306913307606
45,main,"1991 Fleer - Ken Griffey Jr, Barry Bonds #710",Mixed,1.00,2.44,,https://i.ebayimg.com/images/g/iy0AAeSw4ABqATRQ/s-l500.jpg,https://www.ebay.com/itm/1991-Fleer-Ken-Griffey-Jr-Barry-Bonds-710-/306931285504
46,main,2025 Topps Chrome #286 Vita Vea Aqua Wave Refractor /199 Buccaneers,Baseball,2.27,6.24,5.67,https://i.ebayimg.com/images/g/prcAAeSweUZqBk0i/s-l500.jpg,https://www.ebay.com/itm/2025-Topps-Chrome-286-Vita-Vea-Aqua-Wave-Refractor-199-Buccaneers-/306939316823
47,main,2025 Panini Prizm Draft Picks - Instant Impact Dylan Raiola #II- Gold Ice Prizm,Football,1.20,3.29,3.00,https://i.ebayimg.com/images/g/ntwAAeSwPN5p9iXs/s-l500.jpg,https://www.ebay.com/itm/2025-Panini-Prizm-Draft-Picks-Instant-Impact-Dylan-Raiola-II-Gold-Ice-Prizm-/306914244468
48,main,2025 Panini Phoenix - Rookies Shedeur Sanders #154 Silver (RC),Mixed,1.60,4.39,3.99,https://i.ebayimg.com/images/g/03QAAeSwVqBqBVSO/s-l500.jpg,https://www.ebay.com/itm/2025-Panini-Phoenix-Rookies-Shedeur-Sanders-154-Silver-RC--/306937679957
49,main,2025-26 Topps Chrome Cam Ward RC Hot Pink X Fractor Mega Exclusive SP TN Titans,Baseball,1.53,4.22,3.83,https://i.ebayimg.com/images/g/T~QAAeSwEoBqBk~-/s-l500.jpg,https://www.ebay.com/itm/2025-26-Topps-Chrome-Cam-Ward-RC-Hot-Pink-X-Fractor-Mega-Exclusive-SP-TN-Titans-/306939333836
50,main,2025 Panini Prizm Draft Picks New Recruits Tetairoa McMillan #11 Gold Ice Prizm,Football,1.20,3.29,3.00,https://i.ebayimg.com/images/g/v30AAeSwpzNp9iZC/s-l500.jpg,https://www.ebay.com/itm/2025-Panini-Prizm-Draft-Picks-New-Recruits-Tetairoa-McMillan-11-Gold-Ice-Prizm-/306914245253
51,main,7 Cards Boomer Esiason Cincinnati Bengals New York Jets,Mixed,1.00,2.74,,https://i.ebayimg.com/images/g/JnAAAeSwLQ1p7wMT/s-l500.jpg,https://www.ebay.com/itm/7-Cards-Boomer-Esiason-Cincinnati-Bengals-New-York-Jets-/306904174454
52,main,2025 Panini Prizm - Dwayne Bowe #46 White Disco Prizm,Football,1.20,3.29,3.00,https://i.ebayimg.com/images/g/5r8AAeSwur5qAKab/s-l500.jpg,https://www.ebay.com/itm/2025-Panini-Prizm-Dwayne-Bowe-46-White-Disco-Prizm-/306930463268
53,main,1993-94 Fleer Ultra - Rebound Kings Dennis Rodman #10,Mixed,1.00,2.74,,https://i.ebayimg.com/images/g/LoAAAeSwCm1qAPP9/s-l500.jpg,https://www.ebay.com/itm/1993-94-Fleer-Ultra-Rebound-Kings-Dennis-Rodman-10-/306930919438
54,main,2025 Panini Prizm - Rookies Isaac Teslaa #316 (RC),Football,1.20,3.29,3.00,https://i.ebayimg.com/images/g/Jg8AAeSw~RxqALgM/s-l500.jpg,https://www.ebay.com/itm/2025-Panini-Prizm-Rookies-Isaac-Teslaa-316-RC--/306930560592
55,main,3 Marshall Faulk Cards San Diego State Indianapolis Colts,Mixed,1.80,4.94,4.49,https://i.ebayimg.com/images/g/qYsAAeSw~J9pm222/s-l500.jpg,https://www.ebay.com/itm/3-Marshall-Faulk-Cards-San-Diego-State-Indianapolis-Colts-/306785270903
56,main,2025 Panini Prizm - Rookies Grey Zabel #387 Silver Prizm (RC),Football,1.20,3.29,3.00,https://i.ebayimg.com/images/g/WUYAAeSwd-5qANWf/s-l500.jpg,https://www.ebay.com/itm/2025-Panini-Prizm-Rookies-Grey-Zabel-387-Silver-Prizm-RC--/306930745036
57,main,5 Sam Adams Rookie Cards Seattle Seahawks,Mixed,1.00,2.75,,https://i.ebayimg.com/images/g/xWoAAeSwzANp9is3/s-l500.jpg,https://www.ebay.com/itm/5-Sam-Adams-Rookie-Cards-Seattle-Seahawks-/306914280138
58,main,2025 Topps Chrome Football Trey Amos RC #371 Commanders,Football,1.53,4.22,3.83,https://i.ebayimg.com/images/g/gKcAAeSwIGhqBksJ/s-l500.jpg,https://www.ebay.com/itm/2025-Topps-Chrome-Football-Trey-Amos-RC-371-Commanders-/306939301767
59,main,11 Cards Marcus Allen Los Angeles Raiders Kansas City Chiefs,Mixed,1.20,3.29,,https://i.ebayimg.com/images/g/sc0AAeSwVNVp7uZe/s-l500.jpg,https://www.ebay.com/itm/11-Cards-Marcus-Allen-Los-Angeles-Raiders-Kansas-City-Chiefs-/306904068997
60,main,2025 Panini Prizm Draft Picks - Quinn Ewers #126 Red Prizm /399 (RC),Football,1.20,3.29,3.00,https://i.ebayimg.com/images/g/7dEAAeSwPN5qB-ee/s-l500.jpg,https://www.ebay.com/itm/2025-Panini-Prizm-Draft-Picks-Quinn-Ewers-126-Red-Prizm-399-RC--/306941726438
61,main,11 Raghib And Quadry Ismail Cards Raiders Vikings,Mixed,1.20,3.29,,https://i.ebayimg.com/images/g/Vd0AAeSwNIpp9d9G/s-l500.jpg,https://www.ebay.com/itm/11-Raghib-And-Quadry-Ismail-Cards-Raiders-Vikings-/306913790653
62,main,2025 Panini Prizm - Brock Bowers #6 Silver Prizm,Football,1.20,3.29,3.00,https://i.ebayimg.com/images/g/rY8AAeSwgntqB-nI/s-l500.jpg,https://www.ebay.com/itm/2025-Panini-Prizm-Brock-Bowers-6-Silver-Prizm-/306941730763
63,main,2025 Panini Rookies & Stars - Stellar Rookies Shedeur Sanders #1 Silver (RC),Mixed,1.60,4.39,3.99,https://i.ebayimg.com/images/g/absAAeSwHPhp9hiM/s-l500.jpg,https://www.ebay.com/itm/2025-Panini-Rookies-Stars-Stellar-Rookies-Shedeur-Sanders-1-Silver-RC--/306914173441
64,main,10 Jim Kelly Cards Buffalo Bills Football Card Lot NFL,Football,1.20,3.30,3.00,https://i.ebayimg.com/images/g/iuEAAeSw0F5p9d4k/s-l500.jpg,https://www.ebay.com/itm/10-Jim-Kelly-Cards-Buffalo-Bills-Football-Card-Lot-NFL-/306913787569
65,main,1994 Sportflics 2000 Rookie & Traded - Deion Sanders #25 Sample,Mixed,1.20,3.29,,https://i.ebayimg.com/images/g/aS0AAeSwx-BqATId/s-l500.jpg,https://www.ebay.com/itm/1994-Sportflics-2000-Rookie-Traded-Deion-Sanders-25-Sample-/306931278274
66,main,2025 Panini Prizm Draft Picks - Travis Hunter #20 Silver Prizm (RC),Football,1.20,3.29,3.00,https://i.ebayimg.com/images/g/qdEAAeSwJk1p9qaI/s-l500.jpg,https://www.ebay.com/itm/2025-Panini-Prizm-Draft-Picks-Travis-Hunter-20-Silver-Prizm-RC--/306914915295
67,main,1990 Sports Illustrated for Kids Series 1 - Ken Griffey Jr #158,Mixed,1.33,3.66,3.33,https://i.ebayimg.com/images/g/eWwAAeSwcSpqATO6/s-l500.jpg,https://www.ebay.com/itm/1990-Sports-Illustrated-for-Kids-Series-1-Ken-Griffey-Jr-158-/306931283327
68,main,2025 Panini Prizm Draft Picks - Bryce Underwood #28 Red Ice Prizm (RC),Football,1.20,3.29,3.00,https://i.ebayimg.com/images/g/O6QAAeSwBe1qAPIi/s-l500.jpg,https://www.ebay.com/itm/2025-Panini-Prizm-Draft-Picks-Bryce-Underwood-28-Red-Ice-Prizm-RC--/306930909038
69,main,2025 Panini Select - Premier Level Travis Hunter #128 Pink Shock Prizm (RC),Mixed,1.20,3.29,3.00,https://i.ebayimg.com/images/g/GGAAAeSwYOtp9qXI/s-l500.jpg,https://www.ebay.com/itm/2025-Panini-Select-Premier-Level-Travis-Hunter-128-Pink-Shock-Prizm-RC--/306914913674
70,main,2025 Panini Prizm Draft Picks - Quinshon Judkins #84 Red Ice Prizm (RC),Football,1.20,3.29,3.00,https://i.ebayimg.com/images/g/wdkAAeSwfLxqAQtV/s-l500.jpg,https://www.ebay.com/itm/2025-Panini-Prizm-Draft-Picks-Quinshon-Judkins-84-Red-Ice-Prizm-RC--/306931048688
71,main,4 1991 Playball U.S.A. - Darryl Strawberry,Mixed,1.33,3.66,,https://i.ebayimg.com/images/g/QtwAAeSwxGJqATX3/s-l500.jpg,https://www.ebay.com/itm/4-1991-Playball-U-S-A-Darryl-Strawberry-/306931303163
72,main,2025 Panini Prizm Draft Picks - Shedeur Sanders #19 Silver Prizm (RC),Football,1.20,3.29,3.00,https://i.ebayimg.com/images/g/w-sAAeSwfqVqAQ4M/s-l500.jpg,https://www.ebay.com/itm/2025-Panini-Prizm-Draft-Picks-Shedeur-Sanders-19-Silver-Prizm-RC--/306931055732
73,main,2025 Panini Rookies & Stars - Airborne Cam Ward #29 Silver (RC),Mixed,1.20,3.29,3.00,https://i.ebayimg.com/images/g/KFcAAeSwl6ZqA0pI/s-l500.jpg,https://www.ebay.com/itm/2025-Panini-Rookies-Stars-Airborne-Cam-Ward-29-Silver-RC--/306934495603
74,main,1983 Donruss - Rickey Henderson #35,Football,1.00,2.44,,https://i.ebayimg.com/images/g/KZ0AAeSwzJ1qASeq/s-l500.jpg,https://www.ebay.com/itm/1983-Donruss-Rickey-Henderson-35-/306931209046
75,main,2025 Panini Rookies & Stars - Crusade Caleb Williams #5 Silver,Mixed,1.20,3.29,3.00,https://i.ebayimg.com/images/g/EbQAAeSwZLVqA0uS/s-l500.jpg,https://www.ebay.com/itm/2025-Panini-Rookies-Stars-Crusade-Caleb-Williams-5-Silver-/306934506774
76,main,2025 Panini Prizm - Willis McGahee #45 Silver Prizm,Football,1.20,3.29,3.00,https://i.ebayimg.com/images/g/lEkAAeSwvnlqALdT/s-l500.jpg,https://www.ebay.com/itm/2025-Panini-Prizm-Willis-McGahee-45-Silver-Prizm-/306930559170
77,main,2025 Panini Select - Concourse Josh Allen #86 Pink Shock Prizm,Mixed,1.20,3.29,3.00,https://i.ebayimg.com/images/g/xckAAeSwwSZqBULb/s-l500.jpg,https://www.ebay.com/itm/2025-Panini-Select-Concourse-Josh-Allen-86-Pink-Shock-Prizm-/306937598270
78,main,2025 Panini Prizm - Rookies Will Johnson #370 White Disco Prizm (RC),Football,1.20,3.29,3.00,https://i.ebayimg.com/images/g/MmQAAeSwDPJqAKWW/s-l500.jpg,https://www.ebay.com/itm/2025-Panini-Prizm-Rookies-Will-Johnson-370-White-Disco-Prizm-RC--/306930460600
79,main,12 Andre Rison Cards Colts Falcons RC,Mixed,1.34,3.67,,https://i.ebayimg.com/images/g/4ysAAeSwWvdp9loJ/s-l500.jpg,https://www.ebay.com/itm/12-Andre-Rison-Cards-Colts-Falcons-RC-/306914547105
80,main,Courtland Sutton 2025 Topps Chrome Football Refractor Ray Wave Broncos,Football,2.27,6.24,5.67,https://i.ebayimg.com/images/g/9s0AAeSwhENqBk63/s-l500.jpg,https://www.ebay.com/itm/Courtland-Sutton-2025-Topps-Chrome-Football-Refractor-Ray-Wave-Broncos-/306939326707
81,main,1990 Sports Illustrated for Kids Series 1 - Kevin Mitchell #112,Mixed,1.38,3.80,,https://i.ebayimg.com/images/g/oToAAeSwZoxqATs-/s-l500.jpg,https://www.ebay.com/itm/1990-Sports-Illustrated-for-Kids-Series-1-Kevin-Mitchell-112-/306931339580
82,main,Topps Chrome Myles Garrett #1975-8 Cleveland Browns 2025 NFL Football Card,Football,1.00,2.57,,https://i.ebayimg.com/images/g/mpwAAeSwrmRqBlOC/s-l500.jpg,https://www.ebay.com/itm/Topps-Chrome-Myles-Garrett-1975-8-Cleveland-Browns-2025-NFL-Football-Card-/306939349539
83,main,7 Cards Steve Atwater Rookie Cards Denver Broncos,Mixed,1.00,2.19,1.99,https://i.ebayimg.com/images/g/nSIAAeSwq55p7uia/s-l500.jpg,https://www.ebay.com/itm/7-Cards-Steve-Atwater-Rookie-Cards-Denver-Broncos-/306904078786
84,main,2025 Topps Chrome Football Amon-Ra St Brown x Fractor Detroit Lions,Football,2.27,6.24,5.67,https://i.ebayimg.com/images/g/P10AAeSw~7lqBlSQ/s-l500.jpg,https://www.ebay.com/itm/2025-Topps-Chrome-Football-Amon-Ra-St-Brown-x-Fractor-Detroit-Lions-/306939352679
85,main,4 Rookie Cards Willie McGinest One Autographed,Mixed,1.60,4.39,,https://i.ebayimg.com/images/g/cDgAAeSwPaJp9fK~/s-l500.jpg,https://www.ebay.com/itm/4-Rookie-Cards-Willie-McGinest-One-Autographed-/306913950248
86,main,2025 Topps Chrome Future Stars Ladd McConkey #FS-3 NFL Rookie Chargers WR,Football,3.03,8.34,7.58,https://i.ebayimg.com/images/g/jJAAAeSwUv5qBlVE/s-l500.jpg,https://www.ebay.com/itm/2025-Topps-Chrome-Future-Stars-Ladd-McConkey-FS-3-NFL-Rookie-Chargers-WR-/306939367849
87,main,2025 Panini Select - Concourse Tetairoa McMillan #44 Pink Shock Prizm (RC),Mixed,1.20,3.29,3.00,https://i.ebayimg.com/images/g/kOQAAeSwcCJp9qUO/s-l500.jpg,https://www.ebay.com/itm/2025-Panini-Select-Concourse-Tetairoa-McMillan-44-Pink-Shock-Prizm-RC--/306914911040
88,main,2025 Panini Prizm Draft Picks - Will Howard #83 Silver Prizm (RC),Football,1.20,3.29,3.00,https://i.ebayimg.com/images/g/3cAAAeSwAyNqB-dM/s-l500.jpg,https://www.ebay.com/itm/2025-Panini-Prizm-Draft-Picks-Will-Howard-83-Silver-Prizm-RC--/306941724232
89,main,2025 Panini Select - Premier Level Tank Bigsby #129 Silver Prizm,Mixed,1.20,3.29,3.00,https://i.ebayimg.com/images/g/WLMAAeSwLFVqALa5/s-l500.jpg,https://www.ebay.com/itm/2025-Panini-Select-Premier-Level-Tank-Bigsby-129-Silver-Prizm-/306930555649
90,main,2025 Panini Prizm Draft Picks #155 Trevor Etienne Prizms Red #/399,Football,1.20,3.29,3.00,https://i.ebayimg.com/images/g/jFwAAeSweUpqB-hz/s-l500.jpg,https://www.ebay.com/itm/2025-Panini-Prizm-Draft-Picks-155-Trevor-Etienne-Prizms-Red-399-/306941728262
91,main,Rickey Henderson New York Yankees 1987 3 Of 7 Card The Press Box,Mixed,1.60,4.39,,https://i.ebayimg.com/images/g/9TwAAeSw8K9qASh1/s-l500.jpg,https://www.ebay.com/itm/Rickey-Henderson-New-York-Yankees-1987-3-Of-7-Card-The-Press-Box-/306931218531
92,main,11 Mel Gray Cards Detroit Lions Football Card Lot NFL,Football,1.30,3.58,3.25,https://i.ebayimg.com/images/g/4iQAAeSwGjRp9VwZ/s-l500.jpg,https://www.ebay.com/itm/11-Mel-Gray-Cards-Detroit-Lions-Football-Card-Lot-NFL-/306913186982
93,main,1990 Bowman - Rickey Henderson #457,Mixed,1.60,4.39,,https://i.ebayimg.com/images/g/C5gAAeSwVRdqASr4/s-l500.jpg,https://www.ebay.com/itm/1990-Bowman-Rickey-Henderson-457--/306931236773
94,main,2025 Panini Prizm Draft Picks - Devin Neal #43 Red Ice Prizm (RC),Football,1.20,3.29,3.00,https://i.ebayimg.com/images/g/Yg4AAeSwl5xqAO81/s-l500.jpg,https://www.ebay.com/itm/2025-Panini-Prizm-Draft-Picks-Devin-Neal-43-Red-Ice-Prizm-RC--/306930901658
95,main,2025 Panini Select - Concourse Ashton Jeanty #4 Pink Shock Prizm (RC),Mixed,1.20,3.29,3.00,https://i.ebayimg.com/images/g/izwAAeSwCDZqBUNt/s-l500.jpg,https://www.ebay.com/itm/2025-Panini-Select-Concourse-Ashton-Jeanty-4-Pink-Shock-Prizm-RC--/306937599747
96,main,2025 Panini Prizm Draft Picks - New Recruits Ashton Jeanty #9 Red Ice Prizm (RC),Football,1.20,3.29,3.00,https://i.ebayimg.com/images/g/U54AAeSwGgVqAPWA/s-l500.jpg,https://www.ebay.com/itm/2025-Panini-Prizm-Draft-Picks-New-Recruits-Ashton-Jeanty-9-Red-Ice-Prizm-RC--/306930930898
97,main,2025 Panini Select - Concourse Travis Hunter #28 Pink Shock Prizm (RC),Mixed,1.20,3.29,3.00,https://i.ebayimg.com/images/g/Je0AAeSw0bBqBUSr/s-l500.jpg,https://www.ebay.com/itm/2025-Panini-Select-Concourse-Travis-Hunter-28-Pink-Shock-Prizm-RC--/306937604288
98,main,2025 Panini Prizm Draft Picks - Dan Marino #192 Red Ice Prizm,Football,1.20,3.29,3.00,https://i.ebayimg.com/images/g/iAkAAeSwhANqAPdG/s-l500.jpg,https://www.ebay.com/itm/2025-Panini-Prizm-Draft-Picks-Dan-Marino-192-Red-Ice-Prizm-/306930938563
99,main,2025 Panini Select - Club Level Jayden Daniels #289 Pink Shock Prizm,Mixed,1.20,3.29,3.00,https://i.ebayimg.com/images/g/QpkAAeSwXBNqBVFh/s-l500.jpg,https://www.ebay.com/itm/2025-Panini-Select-Club-Level-Jayden-Daniels-289-Pink-Shock-Prizm-/306937669968
100,main,2025 Panini Prizm Draft Picks - Keelon Russell #150 Red Ice Prizm (RC),Football,1.20,3.29,3.00,https://i.ebayimg.com/images/g/uKMAAeSwsj1qAPeq/s-l500.jpg,https://www.ebay.com/itm/2025-Panini-Prizm-Draft-Picks-Keelon-Russell-150-Red-Ice-Prizm-RC--/306930939967
101,main,1994 Classic Pro Line Live - Autograph - Steve Emtman,Mixed,1.82,5.02,,https://i.ebayimg.com/images/g/gOkAAeSw6z9p7w3o/s-l500.jpg,https://www.ebay.com/itm/1994-Classic-Pro-Line-Live-Autograph-Steve-Emtman--/306904203738
102,main,2025 Panini Prizm - Prizmatic Colston Loveland #20 Silver Prizm (RC),Football,1.20,3.29,3.00,https://i.ebayimg.com/images/g/M~sAAeSwSeRp9hel/s-l500.jpg,https://www.ebay.com/itm/2025-Panini-Prizm-Prizmatic-Colston-Loveland-20-Silver-Prizm-RC--/306914169081
103,main,Jerome Bettis Notre Dame Los Angeles Rams 10 Cards,Mixed,2.00,5.49,,https://i.ebayimg.com/images/g/6lEAAeSwSihp7rsX/s-l500.jpg,https://www.ebay.com/itm/Jerome-Bettis-Notre-Dame-Los-Angeles-Rams-10-Cards-/306903937710
104,main,2025 Topps Chrome Football Brock Bowers Fortune 15 Xfractor,Football,2.27,6.24,5.67,https://i.ebayimg.com/images/g/AtEAAeSwICVqBlYN/s-l500.jpg,https://www.ebay.com/itm/2025-Topps-Chrome-Football-Brock-Bowers-Fortune-15-Xfractor-/306939369726
105,main,4 Aaron Glenn Rookie Cards New York Jets,Mixed,2.00,5.49,,https://i.ebayimg.com/images/g/pjoAAeSwN8dp7wmI/s-l500.jpg,https://www.ebay.com/itm/4-Aaron-Glenn-Rookie-Cards-New-York-Jets-/306904189481
106,main,2025 Topps Chrome Football - Ray Wave  Refractor #254 DK METCALF,Football,2.27,6.24,5.67,https://i.ebayimg.com/images/g/8NQAAeSwa2BqBmgv/s-l500.jpg,https://www.ebay.com/itm/2025-Topps-Chrome-Football-Ray-Wave-Refractor-254-DK-METCALF-/306939475594
107,main,15 Charles Haley Cards San Francisco 49ers Dallas Cowboys,Mixed,1.00,2.35,2.14,https://i.ebayimg.com/images/g/1VIAAeSwrHRp9Vkl/s-l500.jpg,https://www.ebay.com/itm/15-Charles-Haley-Cards-San-Francisco-49ers-Dallas-Cowboys-/306913168494
108,main,Tim Brown Los Angeles Raiders Football Card Lot (14) HOF Wide Receiver,Football,1.00,2.74,2.50,https://i.ebayimg.com/images/g/A8QAAeSw6z9p7r5C/s-l500.jpg,https://www.ebay.com/itm/Tim-Brown-Los-Angeles-Raiders-Football-Card-Lot-14-HOF-Wide-Receiver-/306903941543
109,main,7 Howie Long Cards Raiders,Mixed,2.00,5.49,,https://i.ebayimg.com/images/g/M6YAAeSwS1dp9ews/s-l500.jpg,https://www.ebay.com/itm/7-Howie-Long-Cards-Raiders-/306913902750
110,main,2025 Panini Prizm - Prizmatic Abdul Carter #10 (RC),Football,1.20,3.29,3.00,https://i.ebayimg.com/images/g/oAMAAeSw16pqAKb0/s-l500.jpg,https://www.ebay.com/itm/2025-Panini-Prizm-Prizmatic-Abdul-Carter-10-RC--/306930464091
111,main,15 Dan Marino Cards Miami Dolphins,Mixed,2.00,5.49,,https://i.ebayimg.com/images/g/wMMAAeSwx-Bp9fCx/s-l500.jpg,https://www.ebay.com/itm/15-Dan-Marino-Cards-Miami-Dolphins-/306913939866
112,main,2025 Panini Prizm - Jared Verse #30 Silver Prizm,Football,1.20,3.29,3.00,https://i.ebayimg.com/images/g/yBcAAeSwZZBqANUu/s-l500.jpg,https://www.ebay.com/itm/2025-Panini-Prizm-Jared-Verse-30-Silver-Prizm-/306930742908
113,main,"2025 Panini Select - Rookie Swatches TreVeyon Henderson #RSW-THN Red Prizm (MEM,",Mixed,1.20,3.29,3.00,https://i.ebayimg.com/images/g/FKQAAeSwZXNqBVBy/s-l500.jpg,https://www.ebay.com/itm/2025-Panini-Select-Rookie-Swatches-TreVeyon-Henderson-RSW-THN-Red-Prizm-MEM--/306937663074
114,main,2025 Panini Prizm - Jared Verse #30 Silver Prizm,Football,1.20,3.29,3.00,https://i.ebayimg.com/images/g/zTsAAeSwfLxqANl4/s-l500.jpg,https://www.ebay.com/itm/2025-Panini-Prizm-Jared-Verse-30-Silver-Prizm-/306930773940
115,main,2025 Panini Mosaic - Rookies Cam Ward #382 Camo Pink Mosaic Prizm (RC),Mixed,1.20,3.29,3.00,https://i.ebayimg.com/images/g/0yEAAeSwbvhqBVD-/s-l500.jpg,https://www.ebay.com/itm/2025-Panini-Mosaic-Rookies-Cam-Ward-382-Camo-Pink-Mosaic-Prizm-RC--/306937664217
116,main,9 Ronnie Lott Cards 49ers Raiders Jets Football Card Lot NFL,Football,1.30,3.58,3.25,https://i.ebayimg.com/images/g/RFMAAeSwa5xp9eoC/s-l500.jpg,https://www.ebay.com/itm/9-Ronnie-Lott-Cards-49ers-Raiders-Jets-Football-Card-Lot-NFL-/306913853080
117,main,2026 Wild Card 5 Card Draw Garrett Nussmeier RC 1/2 Silver Holo Queen,Mixed,3.20,8.80,8.00,https://i.ebayimg.com/images/g/zmcAAeSw8oNqBSXY/s-l500.jpg,https://www.ebay.com/itm/2026-Wild-Card-5-Card-Draw-Garrett-Nussmeier-RC-1-2-Silver-Holo-Queen-/306937463442
118,main,2025 Topps Chrome Football - Cooper Kupp Red White & Blue - #271 Seahawks,Football,2.27,6.24,5.67,https://i.ebayimg.com/images/g/BNsAAeSwFd5qBlaO/s-l500.jpg,https://www.ebay.com/itm/2025-Topps-Chrome-Football-Cooper-Kupp-Red-White-Blue-271-Seahawks-/306939373376
119,main,9 Joe Montana Cards 49ers Chiefs,Mixed,2.00,5.50,5.00,https://i.ebayimg.com/images/g/GuUAAeSw0F5p9e1k/s-l500.jpg,https://www.ebay.com/itm/9-Joe-Montana-Cards-49ers-Chiefs-/306913908225
120,main,2025 Panini Prizm - Bo Nix #142 White Disco Prizm,Football,1.20,3.29,3.00,https://i.ebayimg.com/images/g/gKcAAeSwhPFqAKYk/s-l500.jpg,https://www.ebay.com/itm/2025-Panini-Prizm-Bo-Nix-142-White-Disco-Prizm-/306930462076
121,main,2026 Wild Card 5 Card Draw Stacked Deck Jeremiyah Love RC 3/5 Silver Holo Rookie,Mixed,3.20,8.80,8.00,https://i.ebayimg.com/images/g/XRAAAeSw37VqBSbc/s-l500.jpg,https://www.ebay.com/itm/2026-Wild-Card-5-Card-Draw-Stacked-Deck-Jeremiyah-Love-RC-3-5-Silver-Holo-Rookie-/306937466251
122,main,2025 Panini Donruss Optic - My House! DK Metcalf #8 Black Pandora Prizm /149,Football,1.20,3.29,3.00,https://i.ebayimg.com/images/g/70IAAeSwLFVqAU9n/s-l500.jpg,https://www.ebay.com/itm/2025-Panini-Donruss-Optic-My-House-DK-Metcalf-8-Black-Pandora-Prizm-149-/306931446668
123,main,2025 Panini Select - Concourse Chuba Hubbard #43 Zebra Prizm,Mixed,1.20,3.29,3.00,https://i.ebayimg.com/images/g/KyAAAeSwRohqBUPT/s-l500.jpg,https://www.ebay.com/itm/2025-Panini-Select-Concourse-Chuba-Hubbard-43-Zebra-Prizm-/306937601406
124,closer,Charcadet 022 Mega Evolution Promo Holo Pokemon Card NM,Pokemon,14.00,38.50,35.00,https://i.ebayimg.com/images/g/kfcAAeSw2BtpiKdV/s-l500.jpg,https://www.ebay.com/itm/Charcadet-022-Mega-Evolution-Promo-Holo-Pokemon-Card-NM-/306758076966
125,closer,2025 Panini Phoenix - Thunderbirds Drake Maye #35 Silver Pyramids /299,Mixed,6.80,18.69,,https://i.ebayimg.com/images/g/ijMAAeSwN8dqBVPQ/s-l500.jpg,https://www.ebay.com/itm/2025-Panini-Phoenix-Thunderbirds-Drake-Maye-35-Silver-Pyramids-299-/306937677187
126,closer,20 Warren Moon Cards Oilers Vikings,Mixed,4.00,11.00,,https://i.ebayimg.com/images/g/esEAAeSwCbZp9e9z/s-l500.jpg,https://www.ebay.com/itm/20-Warren-Moon-Cards-Oilers-Vikings-/306913934898
127,closer,2025 Topps Chrome NFL Tyler Shough Rookie New Orleans Saints RC #398,Football,3.93,10.81,9.83,https://i.ebayimg.com/images/g/3WUAAeSwYudqBlLc/s-l500.jpg,https://www.ebay.com/itm/2025-Topps-Chrome-NFL-Tyler-Shough-Rookie-New-Orleans-Saints-RC-398-/306939345538
128,closer,2026 Wild Card- Joe Burrow & Justin Jefferson Card 1/1 King,Mixed,3.20,8.80,8.00,https://i.ebayimg.com/images/g/sYgAAeSwXf5qBSJ3/s-l500.jpg,https://www.ebay.com/itm/2026-Wild-Card-Joe-Burrow-Justin-Jefferson-Card-1-1-King-/306937452121
